horizon,group_type,group,count,hit_rate,hit_rate_ci_lo,hit_rate_ci_hi,alpha_hit_rate,alpha_hit_rate_ci_lo,alpha_hit_rate_ci_hi,mean_return,mean_return_ci_lo,mean_return_ci_hi,median_return,avg_alpha,net_avg_alpha,net_alpha_hit_rate,net_alpha_hit_rate_ci_lo,net_alpha_hit_rate_ci_hi,avg_beta,avg_alpha_eur,avg_beta_adj_alpha_eur,low_sample,proven_signal
t7,by_signal,B,1750,53.1,51.1,55.0,50.5,48.5,52.5,0.93,0.71,1.17,0.39,0.51,0.27,48.3,46.3,50.3,1.1,0.47,-0.07,False,True
t7,by_signal,H,1193,64.2,61.9,66.6,29.5,27.2,31.6,0.85,0.46,1.24,0.79,0.08,-0.24,28.8,26.7,31.0,0.99,0.11,0.2,False,True
t7,by_signal,S,359,49.3,44.8,53.8,51.8,47.4,56.3,0.11,-0.33,0.56,0.09,-0.23,-0.71,55.7,51.5,60.2,0.15,-0.17,0.3,False,False
t7,by_tier,large,890,57.5,54.8,60.3,52.7,50.1,55.5,1.39,1.02,1.76,1.08,0.79,0.52,51.2,48.4,53.9,1.67,0.79,0.94,False,True
t7,by_tier,mega,1384,57.0,54.7,59.3,53.4,51.2,55.6,1.42,1.13,1.73,0.94,0.79,0.59,51.4,49.2,53.5,1.12,0.85,0.51,False,True
t7,by_tier,mid,732,73.6,71.0,76.4,36.9,34.0,39.8,0.09,-0.25,0.43,-0.37,-0.4,-0.76,34.0,31.1,36.9,0.24,-0.4,-0.25,False,True
t7,by_tier,small,296,69.6,65.5,74.0,28.4,24.0,32.8,-1.96,-2.85,-1.14,-0.89,-2.03,-2.63,27.0,22.6,31.4,0.66,-2.31,-2.1,False,True
t7,by_region,eu,570,48.2,44.9,51.9,42.8,39.5,46.1,-0.12,-0.39,0.13,-0.29,-0.58,-0.93,38.6,35.3,41.8,0.17,-0.71,-0.43,False,False
t7,by_region,hk,313,55.0,50.5,59.4,51.4,46.6,55.9,1.28,0.68,1.89,0.58,0.49,0.25,50.5,45.7,55.3,0.09,0.48,-1.24,False,True
t7,by_region,us,2419,54.8,53.1,56.6,51.8,50.2,53.5,0.97,0.73,1.21,0.69,0.45,0.16,49.6,47.9,51.2,1.24,0.48,0.33,False,True
t7,signal_x_tier,large_B,526,61.8,58.4,65.2,56.3,52.7,59.5,1.38,0.93,1.8,1.74,0.76,0.52,54.6,51.0,58.0,1.71,0.73,0.09,False,True
t7,signal_x_tier,mega_B,921,54.5,51.9,57.0,52.1,49.4,54.8,1.33,1.0,1.64,0.53,0.91,0.73,50.5,47.8,53.2,1.17,0.94,0.4,False,True
t7,signal_x_tier,mid_B,236,38.1,33.0,43.2,38.1,33.1,43.2,-0.64,-1.0,-0.25,-0.79,-0.87,-1.23,35.6,30.5,40.7,0.22,-0.97,-1.05,False,True
t7,signal_x_tier,small_B,67,17.9,10.4,25.4,25.4,16.4,34.3,-2.37,-3.1,-1.62,-1.87,-2.12,-2.72,13.4,7.5,20.9,0.37,-2.86,-2.29,False,True
t7,signal_x_tier,large_H,312,68.9,64.4,73.4,36.2,31.7,40.7,1.53,0.82,2.23,0.27,0.89,0.65,34.6,30.1,38.8,2.01,0.94,2.21,False,True
t7,signal_x_tier,mega_H,404,60.6,56.4,64.6,27.2,23.8,31.2,1.98,1.37,2.63,1.81,0.91,0.73,28.0,24.3,31.7,0.91,1.05,1.23,False,True
t7,signal_x_tier,mid_H,254,62.2,57.1,67.3,30.3,26.0,35.0,0.5,-0.31,1.34,0.38,-0.44,-0.8,27.2,22.8,31.9,0.42,-0.45,-0.04,False,True
t7,signal_x_tier,small_H,223,66.4,61.0,71.7,23.3,18.8,28.3,-1.78,-2.95,-0.64,0.14,-1.98,-2.58,24.2,19.7,29.1,0.76,-2.13,-2.01,False,True
t7,signal_x_tier,large_S,52,50.0,38.5,61.5,46.2,34.6,57.7,0.62,-0.87,2.11,-0.02,0.51,-0.28,46.2,34.6,57.7,-0.26,0.47,1.95,False,False
t7,signal_x_tier,mega_S,59,45.8,35.6,55.9,49.2,39.0,59.3,-0.96,-2.31,0.4,0.85,-1.96,-2.63,55.9,45.8,66.1,1.07,-1.96,-1.44,False,False
t7,signal_x_tier,mid_S,242,49.2,43.8,54.5,52.9,47.5,58.3,0.36,-0.1,0.83,0.09,0.1,-0.26,57.0,52.1,62.4,0.1,0.2,0.33,False,False
t7,signal_x_tier,small_S,6,83.3,50.0,100.0,83.3,50.0,100.0,-3.75,-5.12,-2.05,-4.01,-2.94,-3.54,83.3,50.0,100.0,0.47,-2.97,-2.74,True,False
t30,by_signal,B,998,63.0,59.1,68.0,53.9,51.3,56.4,3.05,2.35,3.94,2.64,0.99,0.77,52.8,50.3,55.4,0.91,1.2,0.29,False,True
t30,by_signal,H,861,30.0,27.7,33.6,15.0,13.0,17.1,1.93,0.83,3.51,3.07,-0.31,-0.58,15.1,13.1,17.2,0.8,0.14,-0.35,False,True
t30,by_signal,S,193,45.6,32.2,57.8,48.7,43.0,54.9,2.72,0.66,5.4,3.94,0.94,0.33,50.8,44.6,56.5,0.41,0.96,1.51,False,False
t30,by_tier,large,616,70.6,63.2,78.0,61.4,58.1,64.6,4.23,3.22,5.46,4.75,1.85,1.57,60.6,57.3,63.8,0.85,2.04,1.59,False,True
t30,by_tier,mega,961,61.8,59.7,65.4,54.0,51.5,56.6,3.3,2.78,4.03,2.78,1.04,0.83,52.9,50.3,55.5,1.1,1.52,2.49,False,True
t30,by_tier,mid,396,27.8,21.3,33.1,13.6,10.9,16.7,0.58,-1.36,3.63,-0.48,-1.0,-1.36,12.9,10.1,15.7,0.31,-0.9,-2.4,False,True
t30,by_tier,small,79,8.9,0.0,12.8,2.5,0.0,5.1,-9.82,-10.14,-6.42,-10.15,-10.76,-11.36,2.5,0.0,6.3,0.85,-10.9,-9.5,False,True
t30,by_region,eu,351,44.7,37.6,51.8,29.1,25.1,33.0,2.35,0.76,4.38,3.13,0.58,0.29,28.8,25.1,32.8,0.22,1.02,-0.51,False,False
t30,by_region,hk,214,57.0,34.7,77.1,48.6,43.0,54.2,2.68,-2.66,8.16,2.06,0.1,-0.13,47.7,42.1,53.3,0.11,0.07,-6.71,False,False
t30,by_region,us,1487,60.2,57.9,63.1,52.7,50.6,54.8,2.58,2.02,3.29,3.02,0.45,0.17,51.8,49.7,53.9,1.05,0.75,1.07,False,True
t30,signal_x_tier,large_B,360,69.4,63.3,77.5,63.3,59.2,67.5,3.73,2.8,4.86,5.57,1.31,1.07,62.8,58.6,66.9,0.73,1.49,0.89,False,True
t30,signal_x_tier,mega_B,553,60.9,57.4,67.4,50.6,47.2,54.2,3.21,2.24,4.69,1.86,1.31,1.13,49.5,46.1,52.8,1.14,1.57,1.16,False,True
t30,signal_x_tier,mid_B,83,49.4,23.4,76.5,34.9,26.5,43.4,-1.27,-5.86,3.91,-0.18,-2.97,-3.33,31.3,22.9,41.0,0.05,-2.92,-6.76,False,False
t30,signal_x_tier,small_B,2,50.0,0.0,100.0,50.0,0.0,100.0,14.8,-2.96,32.56,14.8,16.56,15.96,50.0,0.0,100.0,-0.24,15.36,-2.39,True,False
t30,signal_x_tier,large_H,237,45.1,41.9,52.9,27.8,23.2,32.9,4.28,2.77,7.33,3.77,2.0,1.76,28.7,23.6,33.8,1.03,2.2,2.28,False,False
t30,signal_x_tier,mega_H,365,24.9,18.9,31.9,11.2,8.5,14.0,3.37,1.77,4.91,5.41,0.69,0.51,11.2,8.5,14.0,0.89,1.54,4.77,False,True
t30,signal_x_tier,mid_H,182,29.7,23.3,37.8,11.0,7.1,14.8,1.23,-2.97,8.31,-0.33,-0.61,-0.97,10.4,6.6,14.3,0.49,-0.42,-3.11,False,True
t30,signal_x_tier,small_H,77,7.8,0.0,12.0,2.6,0.0,6.5,-10.46,-10.22,-6.22,-10.15,-11.47,-12.07,2.6,0.0,6.5,0.87,-11.58,-9.62,False,True
t30,signal_x_tier,large_S,19,0.0,0.0,0.0,0.0,0.0,0.0,13.11,10.76,15.4,12.26,10.29,8.57,0.0,0.0,0.0,-0.36,10.36,13.56,True,False
t30,signal_x_tier,mega_S,43,34.9,28.6,45.2,41.9,30.2,53.5,3.86,-0.11,5.84,5.17,0.59,-0.27,51.2,39.5,62.8,2.76,0.57,8.74,False,True
t30,signal_x_tier,mid_S,131,55.7,47.5,68.3,58.0,51.1,64.9,0.84,-2.54,3.02,-1.37,-0.3,-0.66,58.0,51.1,65.6,0.18,-0.28,0.49,False,False
t60,by_signal,B,453,64.9,61.7,67.4,52.3,48.6,56.3,3.52,2.06,4.54,3.32,0.68,0.46,50.6,46.8,54.5,,1.13,,False,True
t60,by_signal,H,361,26.3,24.2,31.7,10.5,8.0,13.3,5.73,4.68,7.34,5.01,2.75,2.51,10.8,8.0,13.9,,3.47,,False,True
t60,by_signal,S,83,43.4,22.2,51.9,49.4,39.8,57.8,10.89,6.93,29.35,2.56,8.02,7.06,53.0,44.6,62.7,,7.79,,False,False
t60,by_tier,large,323,64.1,61.0,65.7,50.8,46.1,55.4,3.07,2.08,4.31,3.0,0.19,-0.14,48.9,44.3,53.6,,0.35,,False,True
t60,by_tier,mega,455,69.2,65.7,73.6,56.9,53.2,60.9,6.63,5.14,8.44,5.34,3.74,3.49,55.8,51.9,59.6,,4.54,,False,True
t60,by_tier,mid,109,19.3,3.7,29.6,5.5,1.8,9.2,7.69,4.86,17.35,0.2,4.69,4.33,7.3,3.7,11.9,,4.94,,False,True
t60,by_tier,small,10,0.0,0.0,0.0,0.0,0.0,0.0,-27.96,-35.3,-14.75,-33.97,-30.75,-31.35,0.0,0.0,0.0,,-30.69,,True,False
t60,by_region,eu,131,77.1,72.1,79.8,58.8,51.9,65.6,2.88,2.07,3.61,3.79,0.09,-0.17,55.7,48.9,62.6,,0.82,,False,True
t60,by_region,hk,93,65.6,57.0,81.7,52.7,44.1,61.3,3.93,1.82,7.98,3.32,0.91,0.69,48.4,39.8,57.0,,0.86,,False,True
t60,by_region,us,673,61.8,60.0,64.2,52.2,49.0,55.3,5.68,4.32,7.75,3.57,2.78,2.47,51.6,48.4,54.8,,3.3,,False,True
t60,signal_x_tier,large_B,181,64.1,60.0,65.6,54.7,48.6,60.8,1.35,-0.11,1.75,3.96,-1.46,-1.7,51.9,45.9,58.0,,-1.28,,False,True
t60,signal_x_tier,mega_B,241,67.2,63.3,72.9,51.0,46.1,56.4,5.13,3.17,7.26,3.2,2.29,2.11,49.8,44.4,55.2,,2.9,,False,True
t60,signal_x_tier,mid_B,30,50.0,36.7,66.7,46.7,33.3,60.0,2.77,-0.6,6.16,-0.58,-0.44,-0.8,46.7,33.3,63.3,,0.38,,False,False
t60,signal_x_tier,small_B,1,100.0,100.0,100.0,100.0,100.0,100.0,32.81,32.81,32.81,32.81,32.16,31.56,100.0,100.0,100.0,,33.05,,True,False
t60,signal_x_tier,large_H,126,47.6,45.2,54.0,19.8,14.3,25.4,1.25,0.06,2.66,0.88,-1.73,-1.97,21.4,15.1,27.8,,-1.49,,False,False
t60,signal_x_tier,mega_H,184,16.8,15.0,26.7,7.1,4.3,10.3,8.4,6.1,10.4,9.19,5.44,5.26,6.5,3.8,9.8,,6.67,,False,True
t60,signal_x_tier,mid_H,42,9.5,2.4,16.7,0.0,0.0,0.0,16.09,9.73,22.58,15.22,13.08,12.72,0.0,0.0,0.0,,13.19,,False,True
t60,signal_x_tier,small_H,9,0.0,0.0,0.0,0.0,0.0,0.0,-34.71,-35.61,-33.79,-34.68,-37.74,-38.34,0.0,0.0,0.0,,-37.77,,True,False
t60,signal_x_tier,large_S,16,0.0,0.0,0.0,0.0,0.0,0.0,36.96,28.46,45.64,45.62,34.02,32.02,0.0,0.0,0.0,,33.31,,True,False
t60,signal_x_tier,mega_S,30,36.7,23.3,50.0,53.3,40.0,66.7,7.78,3.42,12.72,1.44,4.88,3.73,60.0,46.5,73.3,,4.69,,False,True
t60,signal_x_tier,mid_S,37,67.6,54.1,81.1,67.6,54.1,81.1,2.13,-6.32,11.52,-7.08,-0.67,-1.03,70.3,56.8,81.1,,-0.73,,False,True
t90,by_signal,S,32,0.0,0.0,0.0,,,,44.34,39.24,49.38,41.29,,,,,,,,,False,True
t90,by_tier,large,16,0.0,0.0,0.0,,,,57.33,51.67,62.89,60.56,,,,,,,,,True,False
t90,by_tier,mega,16,0.0,0.0,0.0,,,,31.34,26.97,35.45,33.33,,,,,,,,,True,False
t90,by_region,us,32,0.0,0.0,0.0,,,,44.34,39.16,49.74,41.29,,,,,,,,,False,True
t90,signal_x_tier,large_S,16,0.0,0.0,0.0,,,,57.33,51.69,62.63,60.56,,,,,,,,,True,False
t90,signal_x_tier,mega_S,16,0.0,0.0,0.0,,,,31.34,27.01,35.43,33.33,,,,,,,,,True,False
