TKR,NAME,CAP,PRC,TGT,UP%,#T,%B,%BA,#A,#TA,AM,A,EXR,B,52W,2H,PET,PEF,P/S,PEG,DV,SI,EG,PP,ROE,DE,FCF,ERN,SZ,BS,SIGNAL_TRACK,SIGNAL_HORIZON
8035.T,TOKYO ELECTRON,26.9T,11860.00,15370.43,29.6%,23.0,82%,82%,23.0,23.0,+2,A,24.3%,1.3,73,Y,9.5,9.3,0.3,1.5,3.97%,--,--,134.98,30.9,--,1.1%,06/30,14k,B,value,90
8316.T,SUMITOMO MITSU,25.8T,3402.00,3778.33,11.1%,12,83%,83%,12,12,0,A,9.2%,0.4,94,Y,7.6,10.7,0.7,2.2,2.68%,--,-9.9,69.79,8.6,--,--,06/30,11.5k,B,value+momentum,45
6501.T,"HITACHI, LTD.",24.1T,5405.00,6600.00,22.1%,14.0,85%,85%,14.0,14.0,0,A,18.8%,0.5,90,Y,30.6,30.3,1.1,--,1.02%,--,--,39.03,--,15.6,--,06/30,13k,B,value+momentum,45
6098.T,RECRUIT HOLDIN,23.0T,16595.00,17881.25,7.8%,16,93%,93%,16,16,+1,A,7.2%,0.9,91,Y,47.1,54.8,3.6,1.6,0.16%,--,--,108.9,36.2,10.0,2.1%,06/30,11k,B,momentum,7
6758.T,SONY GROUP COR,21.8T,3727.00,4856.36,30.3%,23.0,91%,91%,23.0,23.0,0,A,27.6%,0.8,78,Y,20.0,20.3,0.6,1.5,0.94%,--,9.9,-11.73,13.2,21.3,15.4%,06/30,14.5k,B,value,90
SONY,SONY GROUP COR,21.7T,3718.00,4856.36,30.6%,23.0,91%,91%,23.0,23.0,0,A,27.9%,0.8,78,Y,19.9,20.3,0.6,1.5,0.94%,--,9.9,--,13.2,21.3,15.4%,06/30,14.5k,B,value,90
6861.T,KEYENCE CORPOR,19.3T,79600.00,97866.66,22.9%,15.0,86%,86%,15.0,15.0,+2,A,19.7%,1.0,91,Y,43.4,42.6,1.2,2.3,0.69%,--,--,45.45,--,--,--,06/30,13.5k,B,value+momentum,45
8001.T,ITOCHU CORPORA,15.3T,2186.00,2502.22,14.5%,9,88%,88%,9,9,-2,A,12.7%,0.6,91,Y,17.1,3.4,0.1,2.8,2.04%,--,--,32.42,14.1,72.9,2.2%,06/30,12k,B,value,90
6981.T,MURATA MANUFAC,14.3T,7866.00,10413.89,32.4%,18.0,94%,94%,18.0,18.0,+2,A,30.4%,1.2,61,Y,61.5,33.2,1.0,1.4,0.87%,--,16.4,183.18,10.1,2.0,0.5%,09/30,15k,B,value,90
7011.T,MITSUBISHI HEA,12.8T,3823.00,5450.58,42.6%,16.0,87%,87%,16.0,16.0,+1,A,37.0%,0.4,73,N,54.8,41.3,1.5,1.5,0.79%,--,--,-0.81,14.7,26.4,8.2%,06/30,15k,B,value,90
9434.T,SOFTBANK CORP.,11.5T,240.20,269.13,12.0%,15,86%,86%,15,15,+4,A,10.4%,0.1,95,Y,21.3,20.7,1.4,2.9,3.67%,--,--,14.66,16.7,160.0,11.0%,06/30,11.5k,B,momentum,7
4063.T,SHIN-ETSU CHEM,10.7T,5883.00,7774.71,32.2%,17.0,88%,88%,17.0,17.0,+2,A,28.3%,1.1,74,N,23.3,17.8,0.8,1.6,2.02%,--,--,22.7,11.2,5.5,2.3%,06/30,14.5k,B,value,90
6752.T,PANASONIC HOLD,10.4T,4457.00,4973.69,11.6%,16.0,75%,75%,16.0,16.0,+2,A,8.7%,0.8,89,Y,54.9,26.4,0.8,--,1.23%,--,--,180.62,5.2,27.9,-1.4%,06/30,11.5k,B,momentum,30
6702.T,FUJITSU LIMITE,6.81T,3936.00,4833.85,22.8%,13,76%,76%,13,13,0,A,17.3%,0.7,84,Y,22.5,25.9,0.8,--,1.39%,--,--,14.92,16.2,6.5,4.2%,06/30,13k,B,momentum,30
6701.T,NEC CORPORATIO,6.29T,4741.00,6273.08,32.3%,13.0,92%,92%,13.0,13.0,0,A,29.7%,0.3,77,Y,23.4,6.6,0.2,--,0.84%,--,--,1.02,14.2,25.5,4.4%,06/30,15k,B,value,90
4578.T,OTSUKA HOLDING,6.07T,11575.00,14933.33,29.0%,12.0,83%,83%,12.0,12.0,0,A,24.1%,-0.0,90,Y,15.1,22.3,0.7,--,1.75%,--,--,49.79,13.4,5.9,1.0%,03/31,14k,B,momentum,7
6762.T,TDK CORPORATIO,5.61T,2956.00,4157.81,40.7%,17,82%,82%,17,17,+1,A,33.3%,0.7,69,Y,28.7,27.7,0.8,0.9,1.37%,--,--,39.87,11.6,33.0,-0.6%,06/30,15k,B,value,90
4568.T,DAIICHI SANKYO,5.05T,2774.50,4090.00,47.4%,16,81%,81%,16,16,-2,A,38.4%,--,66,N,19.8,19.3,0.6,1.9,3.59%,--,--,-13.65,14.8,29.4,-3.8%,06/30,15k,B,value,90
8802.T,MITSUBISHI EST,4.25T,3551.00,5007.50,41.0%,12.0,83%,83%,12.0,12.0,-1,A,34.0%,0.4,66,N,19.5,23.6,0.8,2.0,1.41%,--,--,5.59,10.7,129.8,--,06/30,15k,B,value,90
7269.T,SUZUKI MOTOR C,3.80T,1968.50,2556.47,29.9%,17,88%,88%,17,17,+1,A,26.3%,0.4,80,N,8.6,11.2,0.5,--,2.69%,--,--,-6.56,15.3,17.3,5.4%,06/30,14.5k,B,value,90
4689.T,LY CORPORATION,3.48T,508.00,591.31,16.4%,13.0,84%,84%,13.0,13.0,0,A,13.8%,0.6,89,Y,18.2,23.7,1.0,3.2,2.13%,--,--,8.76,8.3,61.3,0.5%,06/30,12.5k,B,momentum,30
4543.T,TERUMO CORPORA,3.33T,2259.00,3110.00,37.7%,14.0,85%,85%,14.0,14.0,+1,A,32.0%,0.2,84,Y,24.6,22.2,0.7,--,1.58%,--,--,-6.14,10.9,26.4,2.9%,06/30,15k,B,value+momentum,45
4452.T,KAO CORPORATIO,3.15T,3478.00,4052.31,16.5%,13,84%,84%,13,13,+1,A,13.9%,0.2,92,Y,24.9,13.4,0.6,3.0,2.24%,--,--,10.47,12.3,20.6,3.4%,03/31,12.5k,B,momentum,7
4004.T,RESONAC HOLDIN,2.79T,14690.00,20703.33,40.9%,12.0,83%,83%,12.0,12.0,0,A,34.0%,1.1,72,Y,50.3,59.0,2.6,--,0.47%,--,--,195.37,8.1,118.8,0.7%,03/31,15k,B,value,90
5801.T,FURUKAWA ELECT,2.68T,3816.00,6140.00,60.9%,10.0,80%,80%,10.0,10.0,+1,A,48.7%,1.2,61,Y,37.1,12.9,0.5,1.9,0.60%,--,--,322.88,22.6,77.6,--,06/30,15k,B,value,90
0939.HK,CHINA CONSTRUC,2.53T,9.69,11.04,13.9%,18.0,100%,100%,18.0,18.0,+2,A,13.9%,0.2,98,Y,6.4,6.0,0.4,1.1,4.53%,--,5.8,36.85,9.4,--,--,06/30,12.5k,B,momentum,7
1288.HK,AGRICULTURAL B,2.31T,6.59,6.90,4.7%,15.0,86%,86%,15.0,15.0,+1,A,4.0%,0.2,98,Y,6.9,6.5,0.4,1.1,4.57%,--,-12.5,31.4,9.3,--,--,06/30,10.5k,B,momentum,7
3750.HK,CONTEMPORARY A,2.25T,487.00,781.86,60.5%,19.0,89%,89%,19.0,19.0,+1,A,53.9%,0.4,61,N,22.3,16.1,0.6,1.1,1.08%,--,36.5,-9.62,24.8,36.0,3.3%,06/30,15k,B,value,90
3407.T,ASAHI KASEI CO,2.19T,1641.50,1956.67,19.2%,12,83%,83%,12,12,0,A,15.9%,0.6,86,N,14.0,16.4,0.6,--,2.73%,--,--,44.91,9.8,56.9,-1.1%,06/30,12.5k,B,value,90
7453.T,RYOHIN KEIKAKU,2.19T,4119.00,4768.24,15.8%,17.0,76%,76%,17.0,17.0,+1,A,12.0%,0.7,89,Y,36.7,26.2,1.1,--,0.79%,--,--,41.01,18.4,23.7,--,11/30,12k,B,momentum,30
8331.T,THE CHIBA BANK,1.94T,2802.00,3144.29,12.2%,8.0,75%,75%,8.0,8.0,+1,A,9.2%,0.1,97,Y,19.2,25.4,1.7,--,2.31%,--,33.3,84.79,8.3,--,--,06/30,11.5k,B,momentum,7
3988.HK,BANK OF CHINA ,1.92T,5.96,6.38,7.1%,17.0,88%,88%,17.0,17.0,0,A,6.2%,0.1,97,Y,6.9,6.4,0.4,1.2,4.25%,--,11.5,48.53,8.3,--,--,06/30,11k,B,momentum,7
0857.HK,PETROCHINA COM,1.79T,9.77,11.72,20.0%,17,88%,88%,17,17,0,A,17.6%,0.6,80,N,8.7,8.8,0.5,--,6.19%,--,49.5,42.32,10.7,21.6,5.9%,06/30,13k,B,value,90
SKHY,SK HYNIX INC.,1.33T,186.68,252.21,35.1%,15.0,100%,93%,12.0,15.0,+9,E,35.1%,2.4,93,Y,11.1,5.5,0.2,0.3,--,--,644.9,11.11,92.7,8.0,4201.2%,06/30,15k,B,value+momentum,45
3968.HK,CHINA MERCHANT,1.29T,51.10,59.29,16.0%,20,85%,85%,20,20,+2,A,13.6%,0.5,95,Y,7.5,7.0,0.5,1.2,8.73%,--,2.5,14.76,11.5,--,--,06/30,12.5k,B,value+momentum,45
6532.T,"BAYCURRENT, IN",1.13T,7654.00,8687.69,13.5%,13,92%,92%,13,13,0,A,12.4%,0.8,84,Y,30.7,30.6,1.1,1.2,1.71%,--,--,-10.19,38.6,5.3,2.8%,05/31,12k,B,value+momentum,45
0883.HK,CNOOC LIMITED,1.13T,23.70,31.65,33.6%,16.0,93%,93%,16.0,16.0,+1,A,31.2%,0.3,77,N,7.0,6.6,0.4,--,6.29%,--,--,30.37,16.8,7.9,7.8%,03/31,15k,B,value,90
ATCO-A.ST,ATLAS COPCO AB,1.02T,208.20,221.00,6.1%,21.0,76%,76%,21.0,21.0,+2,A,4.7%,1.1,98,Y,38.1,32.5,1.2,2.5,1.47%,--,8.2,--,25.7,33.7,2.6%,06/30,11k,B,momentum,7
2318.HK,PING AN INSURA,957B,52.90,81.82,54.7%,16,100%,100%,16,16,-1,A,54.7%,0.6,71,N,5.4,4.9,0.3,--,5.94%,--,4.2,4.38,13.1,119.5,261.1%,06/30,15k,B,value,90
JPM,JPMORGAN CHASE,890B,334.98,375.81,12.2%,24.0,75%,54%,16.0,24.0,+1,E,9.1%,1.0,91,Y,14.4,13.4,0.9,1.6,1.96%,0.9%,47.0,--,17.8,--,--,06/30,11.5k,B,momentum,7
2628.HK,CHINA LIFE INS,814B,28.80,36.17,25.6%,16.0,87%,87%,16.0,16.0,-1,A,22.3%,0.9,80,N,2.8,5.0,0.3,--,3.91%,--,848.0,34.64,41.3,38.5,91.8%,06/30,13.5k,B,value,90
6473.T,JTEKT CORPORAT,673B,2117.00,2748.00,29.8%,5,80%,80%,5,5,+1,A,23.8%,0.7,93,Y,56.2,16.9,0.7,--,3.40%,--,--,49.03,2.7,26.2,-0.4%,06/30,14k,B,momentum,7
9999.HK,"NETEASE, INC.",646B,202.00,253.82,25.7%,25.0,96%,96%,25.0,25.0,+2,A,24.6%,0.8,83,Y,17.2,12.1,0.8,1.2,1.56%,--,-19.0,-12.67,20.4,7.3,5.1%,06/30,14k,B,value+momentum,45
2359.HK,WUXI APPTEC CO,640B,211.20,219.17,3.8%,24.0,100%,100%,24.0,24.0,+2,A,3.8%,0.5,99,Y,24.2,20.3,0.7,--,0.57%,--,31.5,80.8,28.4,18.0,1.5%,06/30,10.5k,B,momentum,7
0388.HK,HONG KONG EXCH,499B,394.80,516.80,30.9%,17.0,88%,88%,17.0,17.0,-2,A,27.2%,0.9,86,N,25.3,24.4,1.6,2.6,3.84%,--,32.0,-7.69,33.6,1.6,10.9%,06/30,14.5k,B,value,90
0998.HK,CHINA CITIC BA,471B,8.48,9.53,12.4%,9.0,100%,100%,9.0,9.0,0,A,12.4%,-0.0,98,Y,6.0,5.6,0.4,1.5,5.39%,--,3.2,32.6,8.4,--,--,06/30,12k,B,momentum,7
5301.T,TOKAI CARBON C,471B,2330.00,2450.00,5.2%,4.0,100%,100%,4.0,4.0,+1,A,5.2%,0.7,99,Y,26.2,26.6,1.2,--,1.71%,--,--,132.28,6.8,61.0,0.6%,03/31,11k,B,momentum,7
ABBV,ABBVIE INC.,465B,263.29,278.86,5.9%,30,88%,80%,25,30,0,E,5.2%,0.3,98,Y,74.2,16.2,0.5,0.5,2.60%,1.2%,1842.5,--,--,--,3.6%,06/30,11k,B,momentum,7
9633.HK,NONGFU SPRING ,444B,39.56,53.03,34.1%,27,77%,77%,27,27,+1,A,26.2%,0.2,70,N,22.2,18.8,0.8,2.0,2.86%,--,--,-24.22,50.0,14.2,3.3%,08/25,14.5k,B,value,90
0992.HK,LENOVO GROUP L,440B,35.48,44.16,24.5%,22.0,90%,90%,22.0,22.0,+4,A,22.0%,1.1,94,Y,32.6,11.8,0.3,1.0,1.19%,--,--,214.35,14.7,81.6,-0.8%,06/30,13.5k,B,momentum,7
AMAT,APPLIED MATERI,406B,512.01,638.94,24.8%,40.0,84%,82%,19.0,40.0,+1,E,20.9%,1.6,69,Y,44.2,27.7,0.8,0.8,0.44%,1.8%,33.8,--,41.1,28.7,0.8%,07/31,13.5k,B,value,90
BAC,BANK OF AMERIC,384B,54.96,68.62,24.9%,24.0,86%,87%,14.0,24.0,0,E,21.3%,1.2,84,N,12.7,10.4,0.7,0.8,2.31%,--,19.7,--,11.2,--,--,06/30,13.5k,B,value,90
0267.HK,CITIC LIMITED,377B,12.99,14.66,12.9%,4,75%,75%,4,4,0,A,9.7%,0.9,93,Y,5.3,4.9,0.2,--,5.27%,--,--,20.44,8.4,181.4,-632.9%,08/28,11.5k,B,momentum,7
KO,THE COCA-COLA ,373B,86.84,94.65,9.0%,24.0,100%,79%,13.0,24.0,0,E,9.0%,0.3,94,Y,26.1,24.6,1.0,4.0,2.43%,0.9%,19.7,--,42.1,115.5,1.4%,06/30,11.5k,B,momentum,7
MRK,"MERCK & CO., I",368B,149.28,154.62,3.6%,28,88%,71%,25,28,+1,E,3.1%,0.2,95,Y,119.4,15.7,0.5,2.7,2.29%,1.4%,-123.1,--,7.0,128.4,4.1%,06/30,10.5k,B,momentum,7
2328.HK,PICC PROPERTY ,367B,16.51,19.58,18.6%,18.0,88%,88%,18.0,18.0,+1,A,16.4%,0.1,84,Y,6.5,7.2,0.5,1.0,4.79%,--,--,-1.82,16.4,17.9,-1.6%,08/28,12.5k,B,momentum,30
EQT.ST,EQT AB (PUBL),354B,284.40,399.04,40.3%,12.0,83%,83%,12.0,12.0,+2,A,33.5%,1.4,74,N,28.3,19.5,1.3,--,1.76%,--,--,--,13.9,34.0,0.4%,--,15k,B,value,90
UNH,UNITEDHEALTH G,336B,374.94,481.72,28.5%,26.0,82%,84%,17.0,26.0,-1,E,23.5%,0.6,81,Y,24.3,16.6,0.5,1.0,2.46%,1.6%,133.6,--,14.2,69.2,7.2%,06/30,14k,B,value,90
6160.HK,BEONE MEDICINE,329B,224.40,263.99,17.6%,17,94%,94%,17,17,0,A,16.6%,0.5,95,Y,66.4,32.7,1.1,0.8,--,--,89.8,9.36,14.7,39.6,0.3%,06/30,13k,B,momentum,7
2601.HK,CHINA PACIFIC ,271B,28.18,42.90,52.2%,16.0,93%,93%,16.0,16.0,0,A,48.6%,0.4,70,N,4.3,4.2,0.3,0.6,6.41%,--,13.6,-5.47,17.5,55.2,18.3%,06/30,15k,B,value,90
0001.HK,CK HUTCHISON H,261B,68.25,85.76,25.7%,8.0,87%,87%,8.0,8.0,0,A,22.3%,0.8,92,Y,6.9,10.3,0.4,0.4,3.44%,--,--,38.7,7.3,44.7,-5.6%,08/13,13.5k,B,momentum,7
ANET,ARISTA NETWORK,255B,202.86,241.93,19.3%,31,100%,96%,16,31,+1,E,19.3%,1.6,94,Y,64.4,39.1,1.1,1.5,--,1.3%,42.2,39.22,31.5,--,1.5%,06/30,13k,B,value+momentum,45
2269.HK,WUXI BIOLOGICS,226B,55.00,58.18,5.8%,28,82%,82%,28,28,+1,A,4.7%,0.6,99,Y,39.6,25.4,0.8,0.7,--,--,--,38.89,11.4,5.0,1.1%,08/25,11k,B,momentum,7
SAP.DE,SAP SE,213B,185.32,209.81,13.2%,28,85%,85%,28,28,+1,A,11.2%,0.8,76,Y,27.7,22.1,0.6,1.6,1.36%,--,8.8,--,18.3,22.0,4.2%,06/30,12k,B,value,90
APH,AMPHENOL CORPO,207B,84.34,99.39,17.8%,18.0,85%,88%,13.0,18.0,+1,E,15.1%,1.2,94,Y,42.2,25.7,0.8,0.9,0.59%,1.5%,-14.5,--,38.1,120.4,1.8%,06/30,12.5k,B,value+momentum,45
3692.HK,HANSOH PHARMAC,206B,34.14,47.73,39.8%,24,95%,95%,24,24,+2,A,37.8%,0.6,77,N,26.5,26.0,0.8,--,1.45%,--,--,-3.95,19.4,11.2,1.9%,08/26,15k,B,value,90
2020.HK,ANTA SPORTS PR,203B,73.50,104.92,42.8%,32.0,93%,93%,32.0,32.0,-2,A,39.8%,0.7,78,N,11.1,11.1,0.5,1.5,3.52%,--,--,-17.02,24.8,39.5,8.5%,08/26,15k,B,value,90
MC.PA,LVMH MOËT HENN,194B,394.60,539.81,36.8%,26.0,61%,61%,26.0,26.0,-1,A,22.4%,0.8,60,N,18.0,16.0,0.7,1.5,3.26%,--,--,--,16.6,53.3,5.9%,07/27,13.5k,B,value,90
ADI,ANALOG DEVICES,192B,398.22,470.72,18.2%,34.0,100%,88%,11.0,34.0,+3,E,18.2%,1.2,89,Y,47.0,24.4,0.7,0.6,1.11%,2.0%,70.1,64.1,12.2,27.3,2.1%,07/31,13k,B,momentum,30
SHOP,SHOPIFY INC.,192B,148.26,172.77,16.5%,54,81%,77%,21,54,+4,E,13.4%,2.6,81,Y,100.2,60.5,1.8,1.7,--,1.4%,468.9,-0.24,15.5,1.4,0.8%,06/30,12k,B,momentum,30
AZN.L,ASTRAZENECA PL,192B,12428.00,15931.57,28.2%,25,80%,80%,25,25,+1,A,22.6%,0.2,79,N,24.8,14.5,0.5,1.2,1.91%,--,-1.0,--,22.0,64.2,2.5%,06/30,14k,B,value,90
CRM,"SALESFORCE, IN",185B,225.31,281.08,24.8%,54.0,70%,70%,50.0,54.0,-3,E,17.3%,1.2,84,Y,20.6,14.1,0.4,0.8,0.77%,4.5%,69.0,--,19.4,110.4,9.6%,07/31,13k,B,value,90
6690.HK,HAIER SMART HO,185B,19.91,27.40,37.6%,19.0,78%,78%,19.0,19.0,0,A,29.3%,0.5,71,N,8.8,7.6,0.3,2.0,6.55%,--,-13.5,-16.67,14.7,34.4,3.9%,06/30,15k,B,value,90
1801.HK,INNOVENT BIOLO,182B,104.50,129.26,23.7%,30,93%,93%,30,30,0,A,22.0%,0.2,93,Y,130.6,41.4,1.4,1.0,--,--,--,11.65,7.0,11.2,--,08/25,13.5k,B,momentum,7
DIS,THE WALT DISNE,182B,105.41,126.61,20.1%,33.0,100%,87%,15.0,33.0,+2,E,20.1%,1.4,90,Y,21.8,14.1,0.9,3.4,1.42%,1.1%,100.9,--,8.0,39.4,2.7%,06/30,13.5k,B,momentum,7
SAN.MC,BANCO SANTANDE,181B,12.51,13.53,8.1%,20.0,85%,85%,20.0,20.0,0,A,6.9%,0.9,95,Y,14.2,9.8,0.6,0.9,2.00%,--,14.3,--,13.1,--,--,06/30,11k,B,momentum,7
TMUS,"T-MOBILE US, I",174B,162.98,243.52,49.4%,28,80%,82%,15,28,-1,E,39.5%,0.3,68,N,17.1,11.3,0.7,0.6,2.81%,3.8%,19.3,-30.48,18.0,214.0,6.5%,06/30,15k,B,value,90
BLK,"BLACKROCK, INC",173B,1067.94,1322.75,23.9%,17,100%,94%,15,17,+2,E,23.9%,1.4,88,Y,25.6,16.6,1.1,0.9,2.14%,1.3%,44.7,--,12.3,23.2,4.4%,06/30,14k,B,momentum,30
SCHW,THE CHARLES SC,171B,99.10,125.45,26.6%,22,80%,81%,10,22,0,E,21.3%,0.8,87,Y,18.1,12.7,0.8,0.8,1.30%,--,18.7,--,20.3,151.1,--,06/30,13.5k,B,value+momentum,45
ETN,EATON CORPORAT,168B,433.27,480.47,10.9%,28,100%,85%,8,28,+2,E,10.9%,1.2,91,Y,43.9,26.8,1.0,2.7,1.02%,2.0%,-18.7,17.06,19.7,105.1,1.8%,06/30,12k,B,momentum,7
WELL,WELLTOWER INC.,167B,232.90,262.05,12.5%,22.0,81%,81%,22.0,22.0,+1,A,10.1%,0.8,91,Y,104.4,73.2,2.5,--,1.46%,2.8%,2.1,32.66,3.8,41.4,1.6%,06/30,11.5k,B,momentum,7
1038.HK,CK INFRASTRUCT,163B,65.00,71.67,10.3%,15,80%,80%,15,15,0,A,8.2%,0.7,96,Y,6.4,19.7,1.1,3.8,4.05%,--,--,31.87,17.2,13.7,-1.8%,08/12,11.5k,B,momentum,7
UNP,UNION PACIFIC ,162B,274.15,329.33,20.1%,25.0,79%,72%,19.0,25.0,+3,E,15.9%,1.0,87,Y,22.2,19.3,0.7,2.7,2.07%,5.1%,11.5,--,39.7,150.8,2.9%,06/30,12.5k,B,value+momentum,45
AIR.PA,AIRBUS SE,150B,190.48,230.96,21.2%,24.0,75%,75%,24.0,24.0,+2,A,15.9%,0.9,86,Y,25.4,21.9,0.8,1.4,1.66%,--,48.5,--,23.2,55.0,2.1%,06/30,12.5k,B,value+momentum,45
COP,CONOCOPHILLIPS,150B,125.44,146.08,16.5%,27.0,77%,70%,13.0,27.0,0,E,12.7%,0.1,89,Y,16.6,13.0,0.8,1.1,2.67%,1.3%,127.8,--,14.2,35.6,5.1%,06/30,12k,B,momentum,30
IBKR,INTERACTIVE BR,146B,86.18,105.82,22.8%,14,86%,64%,7,14,0,E,19.5%,1.3,87,Y,34.6,27.0,1.8,1.5,0.40%,3.2%,18.6,25.77,24.0,205.7,--,06/30,13.5k,B,momentum,30
GMAB.CO,GENMAB A/S,144B,2317.00,2453.79,5.9%,18.0,83%,83%,18.0,18.0,+2,A,4.9%,0.7,99,Y,27.9,21.3,0.7,4.4,--,--,-24.4,--,14.0,88.5,0.6%,06/30,11k,B,momentum,7
SAF.PA,SAFRAN SA,138B,335.10,382.86,14.3%,22.0,63%,63%,22.0,22.0,-1,A,9.0%,1.0,91,Y,36.0,25.8,0.9,1.8,1.01%,--,--,--,27.5,33.7,2.6%,--,11.5k,B,value,90
0027.HK,GALAXY ENTERTA,137B,31.46,44.92,42.8%,21,100%,100%,21,21,0,A,42.8%,0.6,71,N,12.9,12.0,0.5,1.4,5.72%,--,--,-23.95,13.0,3.0,4.9%,04/19,15k,B,value,90
GLW,CORNING INCORP,136B,158.71,189.94,19.7%,17.0,77%,76%,13.0,17.0,+2,E,15.1%,1.2,58,Y,73.1,36.4,1.1,1.0,0.74%,2.3%,30.0,--,16.8,71.4,0.5%,06/30,12.5k,B,value,90
ABI.BR,ANHEUSER-BUSCH,128B,65.40,83.36,27.5%,25.0,80%,80%,25.0,25.0,0,A,22.0%,0.8,86,N,16.0,15.0,0.6,1.6,1.70%,--,255.9,--,11.4,71.9,8.3%,06/30,13.5k,B,value,90
DTE.DE,DEUTSCHE TELEK,126B,26.40,36.44,38.0%,18.0,88%,88%,18.0,18.0,-1,A,33.5%,0.3,77,N,14.8,10.3,0.7,2.1,3.75%,--,0.9,--,15.1,165.3,13.8%,06/30,15k,B,value,90
UCG.MI,UNICREDIT S.P.,126B,83.80,94.64,12.9%,18,66%,66%,18,18,0,A,8.5%,1.1,97,Y,11.9,10.0,0.7,0.8,3.74%,--,-11.7,--,15.8,--,--,06/30,11.5k,B,value,90
ENR.DE,SIEMENS ENERGY,124B,145.82,196.32,34.6%,25.0,76%,76%,25.0,25.0,0,A,26.3%,1.9,76,N,47.2,23.5,0.9,0.4,0.50%,--,544.6,--,27.7,26.5,5.0%,06/30,14.5k,B,value,90
PH,PARKER-HANNIFI,122B,970.37,1158.41,19.4%,26.0,90%,73%,10.0,26.0,0,E,17.4%,1.1,88,Y,34.0,24.6,0.9,3.2,0.83%,1.2%,35.0,--,25.1,56.7,2.4%,06/30,13k,B,value+momentum,45
RR.L,ROLLS-ROYCE HO,121B,1481.20,1722.05,16.3%,20,80%,80%,20,20,0,A,13.0%,1.2,93,Y,41.1,29.8,1.1,2.3,0.81%,--,--,--,114.5,151.7,3.8%,07/30,12k,B,value+momentum,45
SPGI,S&P GLOBAL INC,115B,392.45,520.30,32.6%,24.0,100%,95%,15.0,24.0,0,E,32.6%,1.1,75,N,23.9,19.4,1.3,1.9,0.98%,2.2%,3.5,--,14.3,43.0,4.7%,06/30,15k,B,value,90
CARL-B.CO,CARLSBERG A/S,112B,848.20,1049.86,23.8%,23.0,73%,73%,23.0,23.0,-1,A,17.4%,0.7,84,N,17.6,12.2,0.5,--,3.42%,--,--,--,20.4,134.2,6.9%,08/19,13k,B,value,90
1093.HK,CSPC PHARMACEU,111B,9.76,12.64,29.5%,24.0,87%,87%,24.0,24.0,+4,A,25.7%,0.8,89,Y,12.8,14.6,0.5,1.2,3.80%,--,--,8.71,20.9,1.7,8.9%,03/31,14.5k,B,value+momentum,45
MOWI.OL,MOWI ASA,107B,203.40,226.57,11.4%,12.0,66%,66%,12.0,12.0,-1,A,7.5%,0.6,83,N,15.4,13.4,0.6,--,3.67%,--,-249.1,--,15.5,82.9,0.0%,06/30,11.5k,B,value,90
AI.PA,L'AIR LIQUIDE ,107B,168.88,196.57,16.4%,20,90%,90%,20,20,+1,A,14.8%,0.6,93,Y,30.4,23.6,1.0,2.1,2.00%,--,--,--,14.0,63.3,0.2%,09/30,12.5k,B,value+momentum,45
SYK,STRYKER CORPOR,106B,278.77,369.00,32.4%,28.0,77%,78%,13.0,28.0,+1,E,24.9%,0.8,71,N,28.5,16.7,0.6,1.3,1.28%,2.1%,48.5,--,16.5,64.4,3.8%,06/30,14k,B,value,90
BNP.PA,BNP PARIBAS SA,106B,97.40,120.01,23.2%,19.0,78%,78%,19.0,19.0,+1,A,18.1%,1.0,86,Y,8.4,7.3,0.5,1.0,5.90%,--,33.4,--,10.5,--,--,06/30,13k,B,value+momentum,45
EMAAR.AE,EMAAR PROPERTI,103B,11.66,16.21,39.0%,16.0,87%,87%,16.0,16.0,0,A,34.0%,0.4,68,N,5.4,5.3,0.2,--,8.53%,--,9.0,--,24.2,9.4,3.3%,06/30,15k,B,value,90
EQIX,"EQUINIX, INC.",100B,1015.27,1233.48,21.5%,34.0,83%,82%,12.0,34.0,+3,E,17.9%,1.0,90,Y,65.2,54.5,1.9,3.0,2.04%,2.0%,28.1,32.4,10.7,162.2,3.8%,06/30,13k,B,value+momentum,45
TT,TRANE TECHNOLO,100B,455.59,527.40,15.8%,25.0,75%,56%,4.0,25.0,+1,E,11.8%,1.2,90,Y,33.9,25.9,0.9,1.5,0.93%,1.5%,9.1,8.73,36.6,53.4,3.1%,06/30,12k,B,momentum,7
1138.HK,COSCO SHIPPING,100B,18.30,24.12,31.8%,10.0,90%,90%,10.0,10.0,0,A,28.6%,0.7,82,Y,12.4,6.3,0.4,--,4.27%,--,--,114.43,15.7,71.3,1.0%,10/30,15k,B,momentum,30
PWR,QUANTA SERVICE,98.0B,651.79,769.04,18.0%,31.0,82%,80%,11.0,31.0,+3,E,14.7%,1.2,83,Y,74.4,33.0,1.2,1.5,0.07%,2.4%,33.0,--,15.3,67.8,2.0%,06/30,6k,B,value+momentum,45
1997.HK,WHARF REAL EST,92.5B,30.46,35.31,15.9%,12,75%,75%,12,12,+3,A,11.9%,0.8,87,Y,--,13.7,0.5,--,5.25%,--,--,42.15,-1.1,17.4,6.5%,08/06,6k,B,momentum,30
CS.PA,AXA SA,90.9B,43.49,51.93,19.4%,18.0,83%,83%,18.0,18.0,0,A,16.1%,0.6,95,Y,11.7,9.7,0.6,19.6,5.28%,--,--,--,14.9,119.4,-29.0%,07/31,6.5k,B,momentum,7
SU,SUNCOR ENERGY ,79.7B,67.51,68.99,2.2%,21.0,76%,76%,21.0,21.0,+4,A,1.7%,0.6,94,Y,13.0,11.9,0.7,--,2.47%,--,130.5,64.85,19.3,30.5,11.6%,06/30,5k,B,momentum,7
ECL,ECOLAB INC.,77.9B,277.87,324.95,16.9%,24,86%,83%,7,24,+1,E,14.5%,0.9,90,Y,37.2,29.5,1.3,2.5,1.04%,2.1%,-8.6,--,22.0,138.0,1.9%,06/30,6k,B,momentum,30
CP,CANADIAN PACIF,76.0B,86.51,98.86,14.3%,30.0,100%,76%,6.0,30.0,0,E,14.3%,1.2,89,Y,28.5,20.5,0.7,--,0.88%,2.3%,11.3,16.89,8.2,52.8,2.9%,06/30,6k,B,momentum,30
MSI,MOTOROLA SOLUT,73.8B,446.12,526.91,18.1%,14,100%,85%,7,14,0,E,18.1%,0.9,90,Y,35.6,23.0,0.7,2.0,1.07%,2.2%,-0.9,--,91.6,357.9,2.7%,06/30,6.5k,B,momentum,7
2319.HK,CHINA MENGNIU ,71.3B,18.44,23.59,27.9%,27,100%,100%,27,27,+2,A,27.9%,0.3,94,Y,32.4,11.0,0.5,0.3,3.34%,--,--,28.87,4.1,64.9,9.7%,08/26,7.5k,B,momentum,7
ET,ENERGY TRANSFE,68.6B,19.91,24.70,24.1%,23.0,88%,86%,8.0,23.0,+1,E,21.1%,0.6,91,Y,13.7,11.4,0.7,0.6,6.77%,1.0%,104.9,--,14.6,138.3,4.6%,06/30,7k,B,momentum,7
9901.HK,NEW ORIENTAL E,66.6B,42.94,58.10,35.3%,15.0,86%,86%,15.0,15.0,-2,A,30.4%,0.2,84,Y,18.3,10.9,0.5,1.0,2.17%,--,-74.2,1.9,12.5,19.6,1.3%,05/31,7.5k,B,value,90
0135.HK,KUNLUN ENERGY ,65.1B,7.55,8.62,14.1%,12.0,83%,83%,12.0,12.0,+1,A,11.7%,0.6,86,Y,10.2,9.2,0.5,--,5.15%,--,--,10.53,9.2,22.8,12.1%,08/25,6k,B,momentum,30
GLEN.L,GLENCORE PLC,64.7B,551.80,645.14,16.9%,20.0,80%,80%,20.0,20.0,+3,A,13.5%,0.5,78,Y,16.2,12.2,0.5,0.2,2.28%,--,--,--,16.0,124.2,4.9%,08/05,6k,B,value,90
XYZ.AX,"BLOCK, INC.",63.9B,106.28,159.99,50.5%,46,80%,80%,46,46,+1,A,40.4%,2.5,86,Y,132.8,14.3,0.4,0.6,--,--,-80.8,-7.78,1.6,32.6,-0.0%,06/30,7.5k,B,momentum,30
WPM,WHEATON PRECIO,61.5B,135.39,178.11,31.6%,16,100%,100%,5,16,0,E,31.6%,1.3,82,Y,30.2,27.2,1.2,--,0.58%,--,47.9,21.59,23.5,20.4,-5.7%,06/30,7.5k,B,momentum,30
KEYS,KEYSIGHT TECHN,61.4B,360.65,415.08,15.1%,12.0,88%,83%,8.0,12.0,0,E,13.2%,1.2,96,Y,48.9,26.0,0.8,0.7,--,1.6%,57.5,106.18,20.9,42.1,3.0%,07/31,6k,B,momentum,7
MET,"METLIFE, INC.",60.5B,95.20,105.75,11.1%,18.0,94%,72%,16.0,18.0,+1,E,10.4%,0.8,94,Y,18.2,8.7,0.6,0.5,2.47%,1.9%,-17.9,--,13.1,179.9,-34.6%,06/30,6k,B,momentum,7
NTRA,"NATERA, INC.",59.8B,414.52,352.80,-14.9%,24,94%,87%,17,24,+2,E,-14.0%,1.5,98,Y,--,-3979.6,--,--,--,3.4%,23.5,157.51,-12.5,13.1,0.2%,06/30,5k,B,momentum,7
TRGP,TARGA RESOURCE,58.6B,273.49,325.14,18.9%,22.0,88%,95%,17.0,22.0,+1,E,16.7%,0.7,89,Y,26.1,22.6,1.3,--,1.80%,3.1%,59.8,--,70.8,515.8,0.1%,06/30,6.5k,B,value+momentum,45
AME,"AMETEK, INC.",57.5B,250.78,278.33,11.0%,20.0,75%,70%,12.0,20.0,0,E,8.2%,1.0,96,Y,36.6,26.1,0.9,2.8,0.54%,1.5%,9.6,--,14.6,20.5,2.6%,06/30,5.5k,B,momentum,7
3759.HK,PHARMARON BEIJ,56.9B,30.96,39.63,28.0%,12.0,91%,91%,12.0,12.0,0,A,25.5%,0.6,89,Y,27.9,18.5,0.6,--,0.76%,--,4.8,10.09,10.1,40.8,-2.4%,06/30,7k,B,momentum,30
DAL,DELTA AIR LINE,55.8B,84.87,102.94,21.3%,25,100%,96%,21,25,-1,E,21.3%,1.3,89,Y,14.1,10.3,0.4,--,1.02%,4.0%,13.2,--,20.1,96.6,5.0%,06/30,7k,B,value,90
OXY,OCCIDENTAL PET,54.9B,54.94,68.00,23.8%,26.0,75%,38%,12.0,26.0,+2,E,17.8%,0.2,81,Y,16.2,13.7,0.8,1.1,2.00%,0.0%,259.2,18.59,10.6,34.5,6.9%,06/30,6.5k,B,momentum,30
NWG.L,NATWEST GROUP ,54.6B,688.00,794.83,15.5%,18,72%,72%,18,18,+1,A,11.2%,0.8,95,Y,9.2,8.1,0.5,1.5,5.07%,--,-0.1,--,14.8,--,--,06/30,6k,B,value,90
NUE,NUCOR CORPORAT,53.6B,236.24,283.31,19.9%,17.0,80%,76%,10.0,17.0,-1,E,15.9%,1.9,84,Y,18.9,12.0,0.5,--,0.92%,2.5%,90.4,--,14.5,30.5,1.3%,06/30,6.5k,B,value,90
AUTO.OL,AUTOSTORE HOLD,52.3B,15.61,18.04,15.5%,11.0,63%,63%,11.0,11.0,0,A,9.8%,2.0,88,Y,33.9,25.5,0.9,--,--,--,347.8,--,10.6,11.9,0.3%,06/30,6k,B,value,90
CAH,CARDINAL HEALT,51.8B,223.91,270.33,20.7%,17.0,94%,82%,16.0,17.0,0,E,19.4%,0.5,87,Y,30.5,15.9,0.5,1.1,0.94%,3.3%,-11.6,--,--,--,9.2%,06/30,6.5k,B,value+momentum,45
DVN,DEVON ENERGY C,51.3B,46.60,60.39,29.6%,29.0,100%,89%,14.0,29.0,+1,E,29.6%,0.4,88,Y,10.1,8.6,0.5,2.9,2.74%,3.0%,178.2,--,11.5,28.5,1.5%,06/30,7.5k,B,value+momentum,45
NDAQ,"NASDAQ, INC.",51.3B,91.85,109.67,19.4%,17.0,86%,82%,7.0,17.0,0,E,16.6%,1.0,90,Y,26.8,19.6,1.3,1.8,1.25%,2.0%,19.9,5.21,16.5,77.7,3.3%,06/30,6.5k,B,momentum,7
EW,EDWARDS LIFESC,50.8B,88.08,100.96,14.6%,29,90%,75%,10,29,+1,E,13.2%,0.9,91,Y,52.4,26.1,0.9,1.9,--,1.8%,-17.5,13.26,9.2,6.6,2.4%,06/30,6k,B,momentum,7
EBS.VI,ERSTE GROUP BA,47.8B,123.10,129.22,5.0%,17.0,76%,76%,17.0,17.0,+2,A,3.8%,0.8,97,Y,13.8,10.9,0.7,--,0.59%,--,19.0,--,13.2,--,--,06/30,5.5k,B,momentum,7
TEVA,TEVA PHARMACEU,46.4B,39.81,43.67,9.7%,7.0,100%,85%,5.0,7.0,--,E,9.7%,0.8,98,Y,65.3,13.1,0.4,--,--,2.7%,-233.0,97.08,9.7,217.8,4.8%,06/30,6k,B,momentum,7
RWE.DE,RWE AKTIENGESE,46.0B,58.92,68.05,15.5%,18.0,83%,83%,18.0,18.0,+1,A,12.9%,0.6,95,Y,13.1,17.7,1.0,36.3,2.03%,--,81.7,--,8.5,50.4,-24.2%,06/30,6k,B,momentum,7
2018.HK,AAC TECHNOLOGI,45.2B,39.98,53.73,34.4%,20.0,90%,90%,20.0,20.0,0,A,31.0%,1.4,79,Y,15.5,11.7,0.3,0.4,0.88%,--,--,-9.43,10.7,41.9,4.3%,08/20,7.5k,B,value,90
TWLO,TWILIO INC.,44.7B,290.78,263.04,-9.5%,30.0,91%,83%,22.0,30.0,+1,E,-8.7%,1.4,95,Y,40.2,42.8,1.2,0.5,--,4.6%,2765.1,190.52,13.5,11.9,2.1%,06/30,5k,B,value+momentum,45
XYZ,"BLOCK, INC.",44.5B,74.05,98.36,32.8%,47,89%,80%,28,47,+1,E,29.3%,2.5,85,Y,132.2,14.2,0.4,0.6,--,2.9%,-80.8,--,1.6,32.6,-0.1%,06/30,7.5k,B,momentum,30
TEAM,ATLASSIAN CORP,44.5B,175.96,205.39,16.7%,33.0,83%,81%,24.0,33.0,+1,E,13.9%,1.2,88,Y,--,26.2,0.8,2.0,--,6.1%,368.1,10.18,-4.5,116.5,3.7%,06/30,6k,B,momentum,30
ISS.CO,ISS A/S,44.4B,288.80,327.83,13.5%,12,75%,75%,12,12,+1,A,10.1%,0.9,95,Y,17.0,12.4,0.5,--,1.10%,--,--,--,28.6,200.7,10.8%,08/11,6k,B,momentum,7
RVMD,REVOLUTION MED,43.8B,204.48,256.71,25.5%,24.0,96%,95%,27.0,24.0,+2,E,24.6%,1.4,91,Y,--,-33.7,--,--,--,4.8%,-111.1,337.86,-79.1,45.7,-1.6%,06/30,7k,B,momentum,7
SHL.DE,SIEMENS HEALTH,43.3B,38.65,45.52,17.8%,20.0,65%,65%,20.0,20.0,-2,A,11.6%,0.8,78,Y,19.6,16.4,0.5,1.7,2.59%,--,21.2,--,12.1,78.3,5.0%,06/30,6k,B,value,90
P,"EVERPURE, INC.",43.3B,130.05,145.32,11.7%,20.0,90%,90%,31.0,20.0,+4,E,10.6%,1.4,98,Y,178.2,36.6,1.1,2.2,--,2.9%,35.3,55.17,17.7,14.6,-0.3%,07/31,6k,B,momentum,7
RILBA.CO,RINGKJØBING LA,43.2B,1836.00,1922.50,4.7%,4,75%,75%,4,4,0,A,3.5%,0.3,98,Y,19.1,15.9,1.0,--,0.65%,--,5.7,--,20.3,--,--,06/30,5.5k,B,momentum,7
ASM.AS,ASM INTERNATIO,43.2B,884.80,1128.53,27.5%,19,84%,84%,19,19,+1,A,23.1%,1.5,81,Y,40.6,28.7,0.8,1.2,0.38%,--,41.0,--,26.8,1.6,0.5%,06/30,7k,B,value+momentum,45
KDP,KEURIG DR PEPP,42.2B,31.03,36.21,16.7%,18.0,88%,72%,8.0,18.0,+2,E,14.6%,0.4,92,Y,31.7,12.2,0.5,1.0,2.92%,6.5%,-78.5,--,5.1,99.6,10.9%,06/30,6k,B,momentum,7
ONC,BEONE MEDICINE,41.3B,365.27,432.80,18.5%,28,100%,96%,13,28,0,E,18.5%,0.5,95,Y,65.5,35.4,1.2,0.8,--,2.1%,89.8,7.21,14.7,39.6,2.1%,06/30,6.5k,B,value+momentum,45
0656.HK,FOSUN INTERNAT,40.0B,4.92,6.20,26.1%,5.0,80%,80%,5.0,5.0,+2,A,20.9%,0.5,87,Y,--,11.0,0.4,--,0.50%,--,--,-9.39,-11.6,125.9,0.2%,08/27,6.5k,B,momentum,30
GALD.SW,GALDERMA GROUP,38.7B,165.85,198.26,19.5%,17.0,82%,82%,17.0,17.0,0,A,16.0%,-0.1,88,Y,54.2,29.9,1.0,1.2,0.22%,--,--,21.95,10.8,33.1,2.3%,--,6.5k,B,momentum,30
LR.PA,LEGRAND SA,37.5B,143.05,167.67,17.2%,18,66%,66%,18,18,+4,A,11.4%,1.0,86,Y,28.8,21.0,0.8,1.6,1.76%,--,8.5,--,18.2,102.6,2.7%,06/30,6k,B,value,90
PRY.MI,PRYSMIAN S.P.A,37.3B,124.80,156.53,25.4%,17,70%,70%,17,17,0,A,17.8%,0.9,79,Y,25.9,20.5,0.8,--,0.73%,--,17.0,--,22.4,75.0,1.9%,06/30,6.5k,B,value,90
CAMX.ST,CAMURUS AB (PU,37.2B,625.00,793.00,26.9%,7,100%,100%,7,7,0,A,26.9%,0.5,88,Y,55.3,40.6,1.3,--,--,--,-1.6,--,15.9,2.3,1.1%,06/30,7k,B,momentum,30
OKTA,"OKTA, INC.",35.8B,204.88,212.25,3.6%,44.0,82%,77%,74.0,44.0,+3,E,3.0%,0.8,96,Y,122.7,46.8,1.4,1.7,--,5.5%,169.8,123.42,4.3,0.8,2.9%,07/31,5k,B,momentum,7
ALL.AX,ARISTOCRAT LEI,34.8B,58.56,66.45,13.5%,17.0,100%,100%,17.0,17.0,0,A,13.5%,0.4,83,Y,24.7,20.2,0.8,--,1.68%,--,--,-14.75,22.0,30.7,2.6%,--,6k,B,momentum,30
DXCM,"DEXCOM, INC.",32.7B,86.64,94.48,9.0%,28.0,94%,89%,16.0,28.0,0,E,8.5%,1.4,94,Y,34.2,27.7,0.9,1.3,--,5.3%,-12.2,28.76,38.5,53.3,3.1%,06/30,5.5k,B,momentum,7
PST.MI,POSTE ITALIANE,32.4B,25.08,29.49,17.6%,13,76%,76%,13,13,+2,A,13.4%,0.8,85,Y,13.6,12.6,0.5,--,4.83%,--,-10.7,--,18.2,631.5,13.4%,06/30,6k,B,momentum,30
FLS.CO,FLSMIDTH & CO.,30.8B,580.00,649.17,11.9%,12,91%,91%,12,12,0,A,10.9%,1.3,94,Y,20.2,17.1,0.6,--,0.69%,--,48.6,--,15.1,27.1,-2.4%,06/30,6k,B,momentum,7
1797.HK,EAST BUY HOLDI,28.4B,27.00,28.80,6.7%,8.0,87%,87%,8.0,8.0,0,A,5.8%,-3.5,82,Y,45.0,25.0,1.0,--,--,--,--,5.47,10.1,0.6,2.3%,08/21,5.5k,B,momentum,30
WST,WEST PHARMACEU,26.5B,376.63,407.56,8.2%,17.0,88%,94%,8.0,17.0,+3,E,7.2%,1.1,98,Y,48.2,37.7,1.2,--,0.23%,4.0%,10.0,44.02,19.1,10.6,1.0%,06/30,5.5k,B,momentum,7
ROIV,ROIVANT SCIENC,26.4B,36.50,48.08,31.7%,13.0,100%,92%,9.0,13.0,0,E,31.7%,1.1,86,Y,--,-21.2,--,--,--,6.6%,-67.2,141.24,-8.5,2.2,-4.3%,06/30,7.5k,B,momentum,30
NVT,NVENT ELECTRIC,26.2B,161.68,205.12,26.9%,18.0,89%,88%,9.0,18.0,+1,E,23.9%,1.4,88,Y,44.7,24.9,0.9,1.0,0.52%,3.3%,81.3,65.01,15.7,41.0,1.7%,06/30,7k,B,value+momentum,45
SN,"SHARKNINJA, IN",25.7B,182.44,209.56,14.9%,13.0,100%,100%,12.0,13.0,0,E,14.9%,1.2,94,Y,37.2,23.8,1.0,2.3,--,11.2%,-31.2,76.87,27.5,32.1,2.5%,06/30,6k,B,momentum,7
GH,GUARDANT HEALT,23.9B,177.73,196.38,10.5%,27,100%,96%,21,27,+2,E,10.5%,1.6,97,Y,--,-446.5,--,--,--,8.6%,-29.6,184.46,--,--,0.1%,06/30,6k,B,momentum,7
ENTG,"ENTEGRIS, INC.",23.6B,154.77,173.36,12.0%,12.0,86%,75%,7.0,12.0,+3,E,10.3%,1.4,83,Y,77.4,30.9,0.9,1.3,0.27%,6.7%,74.2,67.97,7.7,85.7,2.0%,06/30,6k,B,momentum,30
SW,SMURFIT WESTRO,23.3B,44.38,56.91,28.2%,17.0,100%,100%,14.0,17.0,+2,E,28.2%,0.9,84,Y,47.2,12.9,0.5,--,4.01%,5.2%,-63.8,7.35,2.7,78.4,5.2%,06/30,7.5k,B,momentum,30
AER,AERCAP HOLDING,22.8B,145.10,179.30,23.6%,10.0,88%,90%,8.0,10.0,+2,E,20.6%,0.9,91,Y,7.1,8.0,0.3,--,1.09%,2.2%,-40.3,20.9,18.7,232.7,-6.8%,06/30,6.5k,B,momentum,7
GMAB,GENMAB A/S,22.2B,35.57,39.14,10.0%,12.0,100%,91%,4.0,12.0,+2,E,10.0%,0.7,100,Y,28.2,22.4,0.7,4.4,--,0.8%,-24.4,--,14.0,88.5,3.9%,06/30,6k,B,momentum,7
ARXS,"ARXIS, INC.",21.2B,49.25,62.00,25.9%,11.0,80%,90%,5.0,11.0,0,E,20.7%,--,80,Y,615.6,38.0,1.4,--,--,4.1%,-13.5,27.1,--,40.1,--,06/30,6.5k,B,momentum,30
DIM.PA,SARTORIUS STED,21.1B,217.20,235.50,8.4%,14,92%,92%,14,14,0,A,7.8%,1.2,97,Y,72.2,36.2,1.2,1.5,0.32%,--,35.8,--,7.1,56.6,1.0%,06/30,5.5k,B,momentum,7
VTRS,VIATRIS INC.,20.8B,18.12,19.40,7.1%,12.0,75%,58%,4.0,12.0,+2,E,5.3%,0.9,98,Y,--,6.8,0.2,1.0,2.63%,3.6%,7.3,89.52,-2.8,95.5,12.9%,06/30,5.5k,B,momentum,7
TPRO.MI,TECHNOPROBE S.,20.7B,32.32,42.11,30.3%,9.0,88%,88%,9.0,9.0,+2,A,26.7%,1.1,84,Y,101.0,40.8,1.2,--,--,--,--,--,15.8,1.6,0.3%,08/05,7k,B,momentum,30
HBAN.SW,HELVETIA BALOI,20.6B,208.20,233.36,12.1%,8.0,75%,75%,8.0,8.0,0,A,9.1%,0.3,92,Y,39.8,15.8,1.0,--,3.68%,--,--,--,3.9,136.8,-50.5%,09/17,6k,B,momentum,7
SNX,TD SYNNEX CORP,20.4B,258.19,339.64,31.5%,11,86%,90%,14,11,0,E,27.0%,1.4,86,Y,15.7,10.7,0.3,0.8,0.75%,2.2%,47.3,--,14.9,65.0,-5.2%,05/31,7.5k,B,momentum,30
BCH,BANCO DE CHILE,20.3B,40.25,39.86,-1.0%,12.0,--,16%,2.0,12.0,0,E,-0.0,0.1,86,Y,16.2,12.8,0.8,2.5,5.28%,0.4%,-11.9,40.92,21.6,--,--,03/31,5k,B,--,30
UNI.MI,UNIPOL ASSICUR,19.5B,27.21,31.50,15.8%,5.0,100%,100%,5.0,5.0,0,A,15.8%,0.6,92,Y,11.4,12.0,0.8,--,4.15%,--,--,--,16.9,40.8,10.5%,05/13,6.5k,B,momentum,7
DNO.OL,DNO ASA,18.8B,19.24,22.61,17.5%,4,75%,75%,4,4,0,A,13.2%,-0.2,88,Y,25.3,4.5,0.3,--,7.68%,--,1242.5,--,8.6,83.2,4.6%,06/30,6k,B,momentum,30
SYSR.ST,SYSTEMAIR AB (,17.9B,86.30,100.00,15.9%,4.0,100%,100%,4.0,4.0,0,A,15.9%,1.4,94,Y,22.5,19.1,0.7,--,1.69%,--,-14.0,--,12.9,23.8,1.9%,07/31,6.5k,B,momentum,7
PR,PERMIAN RESOUR,17.8B,21.20,27.14,28.0%,23.0,100%,91%,9.0,23.0,+2,E,28.0%,0.5,86,Y,13.7,9.5,0.6,1.2,2.96%,2.5%,1237.9,71.38,11.4,26.2,2.6%,06/30,7.5k,B,value+momentum,45
WCC,WESCO INTERNAT,17.8B,365.06,399.18,9.3%,11,100%,90%,4,11,+1,E,9.3%,1.5,95,Y,25.2,18.2,0.7,1.6,0.55%,3.4%,11.5,--,14.3,128.7,1.0%,06/30,6k,B,momentum,7
GPC,GENUINE PARTS ,17.5B,126.95,139.22,9.7%,11.0,75%,45%,4.0,11.0,0,E,7.3%,0.7,84,Y,488.3,15.3,0.6,--,3.32%,6.6%,0.6,--,0.7,146.4,5.2%,06/30,5.5k,B,momentum,30
EWBC,EAST WEST BANC,17.2B,125.52,149.88,19.4%,16.0,85%,81%,13.0,16.0,+1,E,16.4%,0.9,91,Y,12.2,11.0,0.7,--,2.53%,3.4%,-1.3,20.95,16.6,--,--,06/30,6.5k,B,value+momentum,45
IEX,IDEX CORPORATI,17.0B,230.43,255.93,11.1%,15.0,91%,66%,11.0,15.0,+2,E,10.1%,1.0,95,Y,33.2,23.9,0.9,1.7,1.26%,3.2%,12.2,43.68,13.0,47.1,3.3%,06/30,6k,B,momentum,7
SMTC,SEMTECH CORPOR,16.8B,180.10,208.67,15.9%,16.0,93%,93%,16.0,16.0,+3,A,14.8%,2.4,94,Y,124.2,30.9,0.9,--,--,8.5%,5694.7,152.06,23.7,70.1,0.8%,07/31,6k,B,momentum,7
KBX.DE,KNORR-BREMSE A,16.8B,104.10,119.73,15.0%,15,80%,80%,15,15,+1,A,12.0%,1.1,90,Y,28.6,19.2,0.8,--,1.81%,--,23.6,--,19.8,74.3,4.0%,06/30,6k,B,momentum,7
DT,"DYNATRACE, INC",16.7B,57.53,59.71,3.8%,36.0,89%,72%,27.0,36.0,0,E,3.4%,0.7,97,Y,117.4,25.1,0.7,1.2,--,5.1%,-36.0,18.74,5.9,6.5,3.3%,06/30,5.5k,B,momentum,7
BAVA.CO,BAVARIAN NORDI,16.5B,218.60,276.25,26.4%,4.0,100%,100%,4.0,4.0,0,A,26.4%,1.0,90,Y,11.3,20.8,0.7,--,--,--,-33.1,--,12.2,1.0,0.7%,06/30,7k,B,momentum,30
CLH,"CLEAN HARBORS,",16.5B,311.68,359.93,15.5%,17,77%,76%,13,17,+2,E,11.9%,0.9,93,Y,37.7,31.4,1.1,--,--,2.2%,43.5,34.22,15.6,111.0,2.3%,06/30,6k,B,value+momentum,45
OVV,OVINTIV INC.,16.3B,58.83,76.50,30.0%,27,78%,81%,9,27,+2,E,23.4%,0.5,87,Y,16.6,7.9,0.5,3.9,2.02%,4.6%,208.1,49.05,8.4,43.7,7.6%,06/30,7k,B,momentum,30
SOLV,SOLVENTUM CORP,15.2B,89.32,93.92,5.2%,15.0,89%,53%,9.0,15.0,+1,E,4.6%,0.7,95,Y,10.9,12.4,0.4,--,--,3.4%,-92.7,--,34.0,110.3,3.2%,06/30,5.5k,B,momentum,7
CRBG,COREBRIDGE FIN,15.1B,33.77,38.83,15.0%,14.0,92%,78%,13.0,14.0,0,E,13.8%,1.0,95,Y,21.6,5.9,0.4,--,2.96%,4.8%,-98.6,--,7.1,127.2,4.3%,06/30,6k,B,momentum,7
BWE.OL,BW ENERGY LIMI,15.0B,58.00,75.85,30.8%,4.0,75%,75%,4.0,4.0,0,A,23.1%,0.4,93,Y,16.5,5.1,0.3,--,--,--,-47.1,--,9.5,106.9,-0.6%,06/30,7k,B,momentum,7
ARMK,ARAMARK,14.4B,54.45,68.50,25.8%,16.0,100%,87%,8.0,16.0,0,E,25.8%,1.2,87,Y,38.1,19.3,0.7,0.9,0.88%,3.1%,12.1,--,11.7,186.7,2.6%,06/30,7k,B,momentum,30
SRT.DE,SARTORIUS AKTI,14.3B,206.50,249.53,20.8%,9.0,77%,77%,9.0,9.0,0,A,16.0%,1.5,96,Y,73.0,31.7,1.0,0.8,0.35%,--,102.8,--,7.2,101.4,2.3%,06/30,6.5k,B,momentum,7
ARCC,ARES CAPITAL C,13.9B,19.36,20.77,7.3%,14.0,75%,78%,4.0,14.0,0,E,5.5%,0.6,92,Y,14.4,10.0,0.7,--,10.04%,5.9%,-57.7,4.83,6.9,114.1,5.5%,06/30,5.5k,B,momentum,7
FBK.MI,FINECOBANK BAN,13.5B,22.00,27.09,23.1%,15.0,86%,86%,15.0,15.0,-1,A,19.9%,0.7,88,Y,20.0,17.2,1.1,--,3.65%,--,--,--,28.9,--,--,06/30,6.5k,B,value,90
ALTRA.ST,ALTRA FASTIGHE,13.1B,71.95,89.80,24.8%,5.0,100%,100%,5.0,5.0,0,A,24.8%,1.8,81,Y,16.5,9.6,0.3,--,4.17%,--,310.3,--,5.2,141.4,6.0%,06/30,7k,B,momentum,30
AIZ,"ASSURANT, INC.",13.0B,263.65,330.00,25.2%,7.0,100%,100%,8.0,7.0,0,E,25.2%,0.5,87,Y,12.6,11.3,0.7,--,1.34%,3.5%,12.4,--,18.3,36.2,16.5%,06/30,7k,B,value+momentum,45
GL,GLOBE LIFE INC,12.8B,166.08,193.91,16.8%,11.0,78%,72%,9.0,11.0,0,E,13.0%,0.5,87,Y,11.1,10.1,0.7,--,0.79%,0.1%,-25.8,--,20.9,55.7,9.1%,06/30,6k,B,value+momentum,45
SEIC,SEI INVESTMENT,12.4B,103.35,115.86,12.1%,8.0,100%,87%,8.0,8.0,+1,E,12.1%,1.0,92,Y,18.2,14.9,1.0,--,0.99%,2.0%,19.2,23.27,27.6,2.4,3.0%,06/30,6k,B,momentum,7
AIT,APPLIED INDUST,12.3B,336.15,400.00,19.0%,8.0,100%,75%,8.0,8.0,0,E,19.0%,0.8,90,Y,30.7,25.4,0.9,2.8,0.60%,2.8%,17.7,29.64,22.4,26.0,2.9%,06/30,6.5k,B,value+momentum,45
EHC,ENCOMPASS HEAL,12.2B,123.56,148.17,19.9%,13.0,100%,100%,4.0,13.0,0,E,19.9%,0.6,97,Y,20.6,18.5,0.6,--,0.68%,3.4%,21.7,-2.03,25.0,82.1,1.9%,06/30,6.5k,B,momentum,7
CR,CRANE COMPANY,12.0B,208.39,237.20,13.8%,10.0,100%,90%,4.0,10.0,+1,E,13.8%,1.1,90,Y,36.4,26.6,1.0,2.3,0.49%,2.2%,-16.4,--,16.5,51.2,3.0%,06/30,6k,B,momentum,7
AHR,AMERICAN HEALT,11.4B,52.08,64.40,23.7%,15.0,100%,100%,10.0,15.0,+2,E,23.7%,0.7,89,Y,76.6,52.6,1.8,--,1.93%,13.0%,-45.3,--,4.0,41.9,3.5%,06/30,7k,B,momentum,30
FROG,JFROG LTD.,11.1B,90.37,112.00,23.9%,23.0,92%,91%,26.0,23.0,0,E,22.1%,1.3,85,Y,--,78.9,2.3,--,--,6.6%,74.7,90.94,-4.9,1.5,1.8%,06/30,7k,B,momentum,30
BONHR.OL,BONHEUR ASA,11.1B,261.50,321.00,22.8%,4.0,100%,100%,4.0,4.0,0,A,22.8%,0.5,93,Y,11.3,9.1,0.3,--,2.76%,--,-65.6,--,14.0,64.3,7.7%,06/30,7k,B,momentum,7
BTSG,BRIGHTSPRING H,11.0B,55.69,78.94,41.8%,17,100%,100%,9,17,0,E,41.8%,1.9,76,Y,49.7,24.4,0.8,--,--,8.0%,127.6,88.4,13.0,116.0,9.3%,06/30,7.5k,B,value,90
LFUS,"LITTELFUSE, IN",10.9B,428.76,488.75,14.0%,4.0,75%,75%,4.0,4.0,0,A,10.5%,1.5,86,Y,--,21.3,0.6,2.0,0.75%,5.5%,28.6,67.02,-0.3,27.1,3.3%,06/30,6k,B,momentum,30
INF.L,INFORMA PLC,10.9B,873.80,1076.00,23.1%,15,86%,86%,15,15,+1,A,19.9%,0.7,87,Y,51.4,13.3,0.9,0.1,2.57%,--,--,--,4.5,54.2,8.3%,07/30,6.5k,B,momentum,30
AC.PA,ACCOR SA,10.6B,46.15,55.18,19.6%,17,76%,76%,17,17,0,A,14.9%,0.9,89,Y,40.5,17.4,0.7,1.0,2.94%,--,--,--,8.0,106.7,-1.3%,03/31,6k,B,momentum,30
DPLM.L,DIPLOMA PLC,10.5B,7825.00,8254.38,5.5%,16,81%,81%,16,16,+1,A,4.4%,0.9,100,Y,55.5,29.6,1.1,--,0.82%,--,--,--,19.0,47.5,2.3%,--,5.5k,B,momentum,7
IDR.MC,INDRA SISTEMAS,10.3B,58.62,67.00,14.3%,16,75%,75%,16,16,+1,A,10.7%,1.0,89,Y,23.4,17.9,0.5,--,0.50%,--,-7.9,50.63,24.5,72.9,2.4%,06/30,6k,B,momentum,30
MIPS.ST,MIPS AB (PUBL),10.2B,384.00,526.00,37.0%,5.0,100%,100%,5.0,5.0,0,A,37.0%,1.6,86,Y,61.2,43.8,1.8,--,0.65%,--,112.5,--,29.4,53.3,1.0%,06/30,7.5k,B,momentum,30
BPOP,"POPULAR, INC.",9.97B,156.30,196.70,25.8%,10.0,100%,100%,14.0,10.0,+1,E,25.8%,0.6,87,Y,10.6,9.0,0.6,--,2.27%,3.3%,31.7,25.88,15.6,--,--,06/30,7k,B,value,90
DAR,DARLING INGRED,9.52B,60.32,81.58,35.3%,12,91%,91%,12,12,0,A,32.1%,1.0,86,Y,16.3,9.5,0.4,--,--,4.3%,1900.3,--,12.1,78.6,2.3%,06/30,7.5k,B,value,90
SM,SM ENERGY COMP,7.88B,33.11,43.18,30.4%,17.0,82%,64%,11.0,17.0,+2,E,24.9%,0.8,80,Y,5.9,4.2,0.2,--,2.62%,6.6%,590.6,38.16,16.1,95.1,18.7%,06/30,7k,B,value,90
CMM.AX,CAPRICORN META,6.94B,15.19,19.52,28.5%,8.0,87%,87%,8.0,8.0,0,A,24.8%,1.3,83,Y,24.1,11.8,0.5,--,0.67%,--,--,15.69,25.5,1.4,0.8%,--,7k,B,value,90
GLBE,GLOBAL-E ONLIN,6.73B,40.06,50.77,26.7%,13.0,80%,92%,10.0,13.0,-1,E,21.4%,1.0,91,Y,44.5,20.0,0.8,--,--,3.5%,262.0,12.02,17.0,2.8,2.7%,06/30,7k,B,value,90
SBMO.AS,SBM OFFSHORE N,5.92B,35.84,45.15,26.0%,9,77%,77%,9,9,+2,A,20.0%,0.7,96,Y,7.7,9.0,0.5,--,2.74%,--,--,--,18.0,107.7,34.8%,08/06,6.5k,B,value,90
ICG.L,ICG PLC,5.32B,1831.00,2510.86,37.1%,14.0,85%,85%,14.0,14.0,+1,A,31.6%,1.4,79,Y,11.2,9.5,0.6,--,4.71%,--,--,--,18.4,47.0,--,--,7.5k,B,value,90
REY.MI,REPLY S.P.A.,4.27B,117.50,153.36,30.5%,11.0,90%,90%,11.0,11.0,0,A,27.5%,0.9,91,Y,16.8,14.1,0.4,--,1.17%,--,-63.9,--,18.1,11.9,5.8%,06/30,3.5k,B,value,90
SOP.PA,SOPRA STERIA G,3.12B,161.40,219.00,35.7%,9.0,66%,66%,9.0,9.0,-2,A,23.6%,0.9,80,Y,10.4,8.1,0.2,0.8,3.27%,--,--,--,14.6,65.1,13.6%,--,3.5k,B,value,90
NEO,"NEOGENOMICS, I",2.41B,18.74,19.72,5.2%,12,100%,66%,2,12,0,E,5.2%,1.7,93,Y,--,55.4,1.8,--,--,15.3%,108.2,142.75,-6.3,57.1,1.8%,06/30,2.5k,B,--,30
LTC,LTC PROPERTIES,2.32B,43.10,45.00,4.4%,8.0,50%,37%,2.0,8.0,+2,E,2.2%,0.6,99,Y,15.4,27.4,0.9,--,5.29%,6.2%,248.2,24.17,11.8,58.1,11.0%,06/30,2.5k,B,--,30
CORN,TEUCRIUM CORN ,165M,19.50,--,--,--,--,--,--,--,--,,--,--,95,Y,--,--,--,--,--,--,--,--,--,--,--,--,--,B,--,30
