TICKER,COMPANY,CAP,PRICE,TARGET,UPSIDE,#T,%BUY,#A,A,EXRET,BETA,PET,PEF,PEG,DIV%,SI,EG,PP,EARNINGS,SIZE,BS
NVDA,NVIDIA CORPORA,4.33T,177.75,208.59,17.4%,66,97%,33,E,16.8%,2.1,50.8,43.1,1.3,0.02%,0.8%,36.8,52.25,20250731,10k,B
MSFT,MICROSOFT CORP,3.83T,515.36,615.38,19.4%,59,97%,38,E,18.9%,1.0,37.7,34.5,2.3,0.64%,0.8%,10.4,20.38,20250630,13k,B
AAPL,APPLE INC.,3.51T,236.70,240.07,1.4%,47,68%,37,E,1.0%,1.1,36.0,28.5,2.3,0.44%,0.8%,59.0,9.93,20250630,10k,S
GOOG,ALPHABET INC.,3.04T,251.76,227.62,-9.6%,69,90%,10,E,-8.6%,1.0,26.8,28.1,1.7,0.33%,--,7.2,59.04,20250630,10k,S
GOOG,ALPHABET INC.,3.04T,251.76,227.62,-9.6%,69,90%,10,E,-8.6%,1.0,26.8,28.1,1.7,0.33%,--,7.2,59.89,20250630,10k,S
AMZN,"AMAZON.COM, IN",2.47T,231.43,263.97,14.1%,69,95%,44,E,13.4%,1.3,35.3,37.6,2.1,--,0.7%,18.5,25.17,20250630,V
META,META PLATFORMS,1.92T,764.70,863.28,12.9%,68,87%,68,A,11.2%,1.2,27.8,30.2,2.1,0.27%,1.1%,16.9,43.75,20250630,11k,B
AVGO,BROADCOM INC.,1.72T,364.09,367.80,1.0%,43,96%,25,E,1.0%,1.2,93.4,59.0,0.6,0.65%,0.9%,-1.5,124.51,20250731,9.5k,S
TSLA,"TESLA, INC.",1.32T,410.04,320.71,-21.8%,47,50%,20,E,-10.9%,2.1,244.1,126.6,7.0,--,2.8%,-45.9,80.81,20250630,V
BRK-B,BERKSHIRE HATH,1.06T,491.54,521.00,6.0%,4,100%,2,E,6.0%,0.8,16.8,24.5,--,--,1.1%,-52.9,8.8,20250630,12k,I
ORCL,ORACLE CORPORA,858B,302.14,333.49,10.4%,39,70%,27,E,7.3%,1.5,69.9,42.2,2.4,0.66%,1.3%,17.0,79.24,20250831,9k,B
JPM,JPMORGAN CHASE,849B,308.90,306.17,-0.9%,25,62%,8,E,-0.6%,1.1,15.8,18.5,3.8,1.81%,1.0%,16.2,51.95,20250630,9.5k,S
WMT,WALMART INC.,826B,103.69,112.26,8.3%,41,100%,16,E,8.3%,0.7,39.1,38.1,4.0,0.91%,0.5%,53.5,29.97,20250731,13k,H
LLY,ELI LILLY AND ,670B,748.19,889.69,18.9%,29,89%,9,E,16.8%,0.5,49.0,33.0,0.8,0.80%,1.0%,483.4,-18.37,20250630,15.5k,B
V,VISA INC.,658B,339.05,392.03,15.6%,41,100%,7,E,15.6%,0.9,33.1,26.8,1.9,0.70%,1.5%,-0.9,17.54,20250630,13k,B
MA,MASTERCARD INC,527B,582.96,646.07,10.8%,40,100%,10,E,10.8%,1.0,39.4,35.6,2.0,0.52%,0.7%,13.4,17.8,20250630,12k,B
NFLX,"NETFLIX, INC.",510B,1202.26,1350.32,12.3%,47,76%,21,E,9.4%,1.6,51.3,50.6,1.3,--,1.6%,32.2,72.61,20250630,V
XOM,EXXON MOBIL CO,478B,112.35,124.83,11.1%,28,58%,12,E,6.5%,0.5,16.0,14.3,4.9,3.52%,1.2%,-17.7,3.28,20250630,13.5k,H
JNJ,JOHNSON & JOHN,427B,177.40,177.90,0.3%,24,38%,8,E,0.1%,0.4,19.0,16.7,1.0,2.93%,0.8%,105.5,9.67,20250630,12k,S
COST,COSTCO WHOLESA,425B,960.10,1072.67,11.7%,37,100%,8,E,11.7%,1.0,54.3,48.8,5.1,0.54%,1.6%,-19.2,6.3,20250531,12k,H
HD,THE HOME DEPOT,420B,422.71,437.81,3.6%,38,100%,11,E,3.6%,1.0,28.7,27.1,4.5,2.18%,1.1%,24.8,13.28,20250731,10.5k,S
PLTR,PALANTIR TECHN,406B,171.21,151.74,-11.4%,25,44%,16,E,-5.0%,2.6,552.3,364.3,3.3,--,2.3%,127.6,371.52,20250630,8k,S
ABBV,ABBVIE INC.,384B,217.61,221.74,1.9%,28,100%,8,E,1.9%,0.5,103.1,17.9,0.4,3.01%,0.9%,-39.9,15.15,20250630,12.5k,S
BAC,BANK OF AMERIC,374B,50.59,53.69,6.1%,24,80%,5,E,4.9%,1.3,14.8,13.8,1.3,2.21%,1.3%,3.2,32.43,20250630,9.5k,H
PG,THE PROCTER & ,367B,156.83,170.95,9.0%,25,43%,7,E,3.9%,0.4,24.1,21.1,4.8,2.70%,0.7%,-8.7,-9.28,20250630,13k,S
CVX,CHEVRON CORPOR,316B,157.31,169.43,7.7%,24,70%,10,E,5.4%,0.9,20.2,14.2,3.9,4.35%,0.9%,-44.5,15.73,20250630,11.5k,H
UNH,UNITEDHEALTH G,315B,347.89,338.33,-2.7%,27,81%,21,E,-2.2%,0.5,15.1,11.6,1.3,2.54%,1.3%,-43.7,-39.67,20250630,12k,S
GE,GE AEROSPACE,304B,286.78,300.33,4.7%,19,100%,5,E,4.7%,1.5,41.0,54.7,5.6,0.50%,1.4%,17.7,59.08,20250630,8.5k,S
ASML.NV,ASML HOLDING N,295B,750.90,762.45,1.5%,40,68%,40,A,1.0%,1.2,31.2,31.1,1.6,0.89%,--,--,8.79,20250630,9.5k,S
KO,THE COCA-COLA ,284B,66.21,78.53,18.6%,26,100%,4,E,18.6%,0.4,23.5,22.3,2.2,3.08%,0.9%,33.8,-5.41,20250630,15.5k,I
TMUS,"T-MOBILE US, I",269B,239.74,272.30,13.6%,30,50%,6,E,6.8%,0.6,22.6,22.5,0.8,1.47%,2.9%,5.3,18.12,20250630,V
CSCO,"CISCO SYSTEMS,",264B,67.02,76.10,13.5%,26,38%,8,E,5.1%,1.0,26.3,17.2,1.6,2.45%,1.2%,-5.9,34.94,20250731,V
AMD,ADVANCED MICRO,261B,161.16,185.77,15.3%,52,69%,29,E,10.5%,1.9,95.9,31.6,0.5,--,2.4%,-0.4,5.97,20250630,9.5k,H
WFC,WELLS FARGO & ,260B,81.41,87.00,6.9%,25,50%,4,E,3.4%,1.2,14.0,14.8,1.6,2.21%,1.5%,7.4,54.71,20250630,9.5k,I
PM,PHILIP MORRIS ,251B,161.64,190.20,17.7%,17,75%,8,E,13.3%,0.5,23.9,22.4,1.0,3.34%,0.7%,-1.4,33.35,20250630,14.5k,B
MS,MORGAN STANLEY,250B,156.64,143.65,-8.3%,24,50%,2,E,-4.1%,1.3,17.7,19.8,1.7,2.55%,1.2%,11.0,61.17,20250630,9k,I
AZN,ASTRAZENECA PL,248B,78.05,87.37,11.9%,12,83%,12,A,10.0%,0.2,29.5,14.2,0.9,2.01%,0.2%,71.4,0.85,20250630,14k,B
IBM,INTERNATIONAL ,238B,256.24,281.25,9.8%,22,50%,8,E,4.9%,0.7,41.3,24.2,1.6,2.62%,1.7%,791.8,21.33,20250630,--,S
CRM,"SALESFORCE, IN",230B,242.52,334.68,38.0%,56,65%,26,E,24.8%,1.2,35.2,21.8,1.3,0.69%,1.5%,23.6,-5.05,20250731,V
ABT,ABBOTT LABORAT,228B,131.33,142.48,8.5%,29,79%,14,E,6.7%,0.7,16.5,25.5,--,1.80%,1.0%,8.1,13.79,20250630,12.5k,H
AXP,AMERICAN EXPRE,227B,327.26,323.51,-1.1%,30,56%,9,E,-0.6%,1.3,23.0,21.6,1.9,1.00%,1.9%,15.1,26.7,20250630,9k,S
BX,BLACKSTONE INC,225B,183.80,181.68,-1.2%,23,42%,12,E,-0.5%,1.8,49.8,31.5,1.8,2.32%,1.5%,-2.1,22.14,20250630,8k,S
LIN,LINDE PLC,223B,476.73,511.00,7.2%,28,67%,3,E,4.8%,1.0,33.9,28.1,2.2,1.26%,1.1%,13.9,1.67,20250630,11k,I
MCD,MCDONALD'S COR,215B,302.07,332.71,10.1%,35,69%,16,E,7.0%,0.5,25.9,24.0,2.5,2.34%,1.1%,-0.1,4.19,20250630,13.5k,H
T,AT&T INC.,211B,29.62,30.62,3.4%,28,100%,6,E,3.4%,0.6,16.9,13.2,1.1,3.75%,1.2%,2686.2,39.25,20250630,12.5k,S
RTX,RTX CORPORATIO,211B,158.37,164.58,3.9%,23,70%,10,E,2.7%,0.7,34.8,25.9,1.4,1.72%,1.2%,12.6,35.52,20250630,11.5k,S
DIS,THE WALT DISNE,207B,115.62,133.22,15.2%,32,100%,11,E,15.2%,1.5,18.1,22.5,0.9,0.86%,1.0%,1043.9,26.98,20250630,10k,B
UBER,UBER TECHNOLOG,206B,98.85,106.63,7.9%,53,91%,22,E,7.2%,1.4,16.8,41.9,8.5,--,2.5%,-48.1,38.21,20250630,9.5k,H
CAT,CATERPILLAR IN,204B,435.94,454.05,4.2%,28,50%,28,A,2.1%,1.4,22.2,19.7,1.9,1.39%,1.4%,-11.6,27.27,20250630,8.5k,S
MRK,"MERCK & CO., I",202B,81.02,102.33,26.3%,26,--,2,E,0.0,0.4,12.5,8.6,0.7,4.00%,1.1%,40.2,-28.77,20250630,V
APP,APPLOVIN CORPO,200B,593.14,517.81,-12.7%,25,86%,14,E,-10.9%,2.4,81.3,114.9,1.6,--,4.5%,77.7,410.23,20250630,8k,S
NOW,"SERVICENOW, IN",196B,947.42,1142.59,20.6%,46,86%,21,E,17.7%,0.9,119.0,56.7,1.8,--,1.6%,-10.9,6.16,20250630,V
PEP,"PEPSICO, INC.",192B,140.64,153.59,9.2%,23,22%,9,E,2.0%,0.5,25.7,16.3,2.9,4.05%,1.6%,-56.9,-17.57,20250630,V
VZ,VERIZON COMMUN,184B,43.87,48.61,10.8%,26,--,5,E,0.0,0.4,10.2,9.3,2.1,6.29%,2.1%,51.3,4.04,20250630,12k,S
C,CITIGROUP INC.,183B,99.79,101.69,1.9%,22,79%,14,E,1.5%,1.4,14.7,13.9,0.9,2.41%,2.0%,24.1,76.15,20250630,8.5k,S
ANET,ARISTA NETWORK,182B,145.43,154.21,6.0%,29,89%,27,E,5.4%,1.5,57.0,14.9,2.3,--,1.2%,18.8,61.97,20250630,8.5k,H
INTU,INTUIT INC.,181B,651.33,819.73,25.9%,33,91%,11,E,23.5%,1.3,47.6,29.3,1.8,0.66%,1.8%,93.4,1.44,20250731,--,B
BKNG,BOOKING HOLDIN,180B,5559.83,6111.47,9.9%,38,65%,20,E,6.4%,1.4,38.8,26.5,1.2,0.69%,1.8%,-64.4,40.73,20250630,9.5k,H
PDD,PDD HOLDINGS I,180B,127.39,143.90,13.0%,41,50%,4,E,6.5%,0.4,13.7,9.0,1.2,--,3.0%,23.1,31.06,20250630,13.5k,I
TMO,THERMO FISHER ,179B,474.46,555.57,17.1%,30,73%,11,E,12.4%,0.8,27.5,20.2,1.8,0.36%,1.1%,-0.8,-22.47,20250630,13k,B
MU,MICRON TECHNOL,176B,157.77,154.34,-2.2%,37,91%,33,E,-2.0%,1.5,28.4,12.3,0.2,0.29%,2.9%,112.5,81.82,20250531,8k,S
QCOM,QUALCOMM INCOR,173B,161.22,178.20,10.5%,37,67%,6,E,7.0%,1.2,15.5,13.2,1.9,2.21%,1.9%,-8.5,-1.06,20250630,10.5k,H
BLK,"BLACKROCK, INC",172B,1115.11,1167.20,4.7%,17,90%,10,E,4.2%,1.5,27.0,22.7,2.1,1.87%,1.2%,-2.3,27.13,20250630,V
GEV,GE VERNOVA INC,171B,628.68,660.67,5.1%,31,74%,19,E,3.7%,--,151.5,91.1,2.0,0.16%,2.8%,635.4,173.96,20250630,10.5k,H
SCHW,THE CHARLES SC,167B,92.10,107.95,17.2%,21,81%,16,E,14.0%,1.0,24.8,24.2,0.7,1.17%,1.3%,51.0,46.46,20250630,12.5k,B
SPGI,S&P GLOBAL INC,166B,543.99,621.90,14.3%,25,100%,10,E,14.3%,1.2,41.8,32.4,2.0,0.71%,1.1%,10.4,3.89,20250630,11.5k,B
BA,THE BOEING COM,163B,215.75,252.39,17.0%,29,92%,13,E,15.7%,1.5,--,459.0,--,--,2.1%,90.1,38.7,20250630,10k,H
ARM,ARM HOLDINGS P,162B,153.86,152.74,-0.7%,40,87%,15,E,-0.6%,4.2,233.1,74.7,2.8,--,11.2%,21.5,11.17,20250630,8k,S
TXN,TEXAS INSTRUME,162B,178.20,206.03,15.6%,38,61%,23,E,9.5%,1.0,32.6,30.3,1.5,3.05%,2.0%,-4.9,-7.51,20250630,11.5k,H
TJX,THE TJX COMPAN,157B,141.17,149.44,5.9%,22,93%,14,E,5.4%,0.9,32.2,30.7,3.1,1.20%,1.3%,-4.2,19.51,20250731,11.5k,H
ISRG,INTUITIVE SURG,155B,433.99,582.10,34.1%,33,75%,8,E,25.6%,1.6,60.6,55.2,2.7,--,1.5%,16.5,-11.68,20250630,--,H
LOW,LOWE'S COMPANI,152B,272.09,281.84,3.6%,36,67%,18,E,2.4%,0.9,22.3,21.5,2.6,1.76%,1.4%,41.5,8.07,20250731,11k,S
LRCX,LAM RESEARCH C,150B,119.21,109.43,-8.2%,34,73%,22,E,-6.0%,1.8,28.7,27.9,2.0,0.87%,2.5%,54.1,59.01,20250630,8k,S
ACN,ACCENTURE PLC,148B,237.87,311.67,31.0%,25,61%,18,E,19.0%,1.3,18.9,16.9,1.8,2.49%,2.1%,30.5,-31.59,20250531,11.5k,H
AMGN,AMGEN INC.,147B,274.40,311.46,13.5%,33,14%,7,E,1.9%,0.5,22.4,13.3,0.9,3.47%,2.2%,-49.4,-15.42,20250630,12.5k,S
ADBE,ADOBE INC.,147B,347.10,457.52,31.8%,40,65%,31,E,20.5%,1.5,22.2,16.9,1.0,--,2.4%,0.4,-33.44,20250531,10.5k,H
BSX,BOSTON SCIENTI,147B,99.87,124.53,24.7%,34,89%,9,E,21.9%,0.7,59.4,35.8,1.5,--,1.3%,70.3,19.59,20250630,15.5k,B
NEE,NEXTERA ENERGY,147B,71.50,82.29,15.1%,21,67%,3,E,10.1%,0.6,24.9,19.4,2.5,3.17%,2.2%,9.5,-12.9,20250630,13.5k,I
ETN,EATON CORPORAT,146B,375.54,397.29,5.8%,30,67%,12,E,3.9%,1.2,37.7,31.2,2.7,1.11%,1.8%,-2.7,24.09,20250630,10k,H
APH,AMPHENOL CORPO,145B,119.24,115.56,-3.1%,18,91%,11,E,-2.8%,1.2,47.7,55.2,1.9,0.55%,1.7%,80.6,90.2,20250630,9k,S
SYK,STRYKER CORPOR,144B,377.11,433.19,14.9%,32,75%,4,E,11.2%,0.9,50.0,27.9,1.9,0.89%,1.1%,6.0,2.3,20250630,12.5k,I
COF,CAPITAL ONE FI,144B,226.53,253.33,11.8%,22,70%,10,E,8.3%,1.2,629.2,14.5,0.8,1.06%,1.2%,-339.9,62.68,20250630,10.5k,H
PGR,THE PROGRESSIV,144B,245.65,283.89,15.6%,21,35%,20,E,5.4%,0.3,13.8,17.8,5.4,1.99%,1.1%,36.1,-2.2,20250630,13k,S
GILD,GILEAD SCIENCE,139B,112.54,124.79,10.9%,30,60%,5,E,6.5%,0.4,22.3,15.1,0.2,2.81%,1.4%,56.4,39.36,20250630,13.5k,H
AMAT,APPLIED MATERI,136B,170.93,194.10,13.6%,38,53%,15,E,7.2%,1.8,20.4,17.6,1.8,1.08%,2.8%,2.8,-7.93,20250731,9k,S
PFE,PFIZER INC.,136B,23.97,28.86,20.4%,25,--,3,E,0.0,0.5,12.7,8.2,1.0,7.18%,1.8%,-35.5,-14.69,20250630,12k,I
DHR,DANAHER CORPOR,135B,188.54,244.35,29.6%,26,86%,7,E,25.4%,0.8,40.0,22.5,1.7,0.68%,1.5%,-32.2,-31.34,20250630,15.5k,B
HON,HONEYWELL INTE,134B,211.74,252.97,19.5%,27,20%,5,E,3.9%,1.0,24.1,19.2,1.8,2.13%,1.2%,11.1,5.6,20250630,10.5k,S
PANW,PALO ALTO NETW,134B,201.28,214.21,6.4%,56,81%,27,E,5.2%,1.0,126.6,28.0,1.8,--,7.4%,-27.6,16.31,20250731,11k,S
KKR,KKR & CO. INC.,133B,144.65,164.47,13.7%,22,90%,10,E,12.3%,1.9,67.9,23.8,0.6,0.51%,1.3%,-15.1,14.93,20250630,9.5k,B
KLAC,KLA CORPORATIO,130B,988.91,929.68,-6.0%,28,64%,11,E,-3.8%,1.5,32.6,30.1,2.1,0.77%,2.6%,27.2,35.59,20250630,8k,S
UNP,UNION PACIFIC ,128B,216.25,256.52,18.6%,30,65%,17,E,12.0%,1.0,18.8,17.9,2.4,2.55%,1.9%,12.3,-12.3,20250630,12k,H
DE,DEERE & COMPAN,126B,469.11,533.38,13.7%,25,60%,5,E,8.2%,1.0,24.5,21.2,1.5,1.38%,1.6%,3.5,20.54,20250731,11.5k,H
ADI,ANALOG DEVICES,120B,244.91,267.47,9.2%,35,50%,10,E,4.6%,1.1,62.5,32.5,0.8,1.62%,1.5%,8.5,11.57,20250731,10.5k,S
CMCSA,COMCAST CORPOR,120B,32.62,39.85,22.2%,30,--,9,E,0.0,0.9,5.4,7.4,2.5,4.05%,1.4%,206.5,-14.26,20250630,10.5k,S
MDT,MEDTRONIC PLC,119B,93.43,98.63,5.6%,33,50%,8,E,2.8%,0.8,25.8,16.0,2.2,3.04%,1.0%,-18.1,7.12,20250731,11.5k,S
MELI,"MERCADOLIBRE, ",118B,2335.82,2887.73,23.6%,25,80%,10,E,18.9%,1.5,57.8,48.3,1.1,--,1.7%,31.7,10.94,20250630,V
ADP,AUTOMATIC DATA,117B,290.87,320.25,10.1%,18,--,3,E,0.0,0.8,29.1,26.8,3.4,2.12%,1.6%,-4.8,6.58,20250630,11k,I
INTC,INTEL CORPORAT,115B,24.77,22.18,-10.5%,45,--,9,E,-0.0,1.2,--,25.5,--,--,2.5%,82.5,18.46,20250630,--,S
COP,CONOCOPHILLIPS,115B,92.33,116.15,25.8%,30,86%,14,E,22.1%,0.7,12.4,11.5,--,3.38%,1.3%,-4.3,-9.7,20250630,15.5k,B
WELL,WELLTOWER INC.,112B,168.92,180.79,7.0%,20,80%,20,A,5.6%,0.9,94.4,92.8,3.6,1.75%,2.2%,-32.9,33.2,20250630,11.5k,H
CRWD,CROWDSTRIKE HO,111B,444.77,469.58,5.6%,53,52%,23,E,2.9%,1.1,--,104.2,5.0,--,2.9%,-361.7,66.08,20250731,10k,S
LMT,LOCKHEED MARTI,110B,473.25,479.56,1.3%,22,40%,10,E,0.5%,0.3,26.5,16.8,1.6,2.79%,1.1%,-78.9,-15.07,20250630,12k,S
CB,CHUBB LIMITED,109B,274.33,301.77,10.0%,22,30%,10,E,3.0%,0.6,12.1,11.6,2.0,1.41%,0.8%,27.7,-4.9,20250630,12k,S
MO,"ALTRIA GROUP, ",109B,64.89,62.88,-3.1%,15,43%,7,E,-1.3%,0.6,12.6,12.1,--,6.53%,2.1%,3.7,34.66,20250630,V
NKE,"NIKE, INC.",107B,73.03,79.59,9.0%,41,61%,23,E,5.5%,1.2,33.8,22.6,4.1,2.19%,3.9%,-79.9,-6.45,20250531,V
PLD,"PROLOGIS, INC.",106B,114.27,120.60,5.5%,23,57%,7,E,3.2%,1.3,30.8,32.5,--,3.54%,1.4%,-43.2,-9.19,20250630,V
CEG,CONSTELLATION ,103B,330.42,351.10,6.3%,15,86%,7,E,5.4%,1.1,34.5,36.9,--,0.47%,2.5%,-30.1,66.83,20250630,10.5k,H
SO,THE SOUTHERN C,101B,92.28,96.68,4.8%,21,33%,6,E,1.6%,0.4,23.8,21.4,4.2,3.21%,3.2%,-42.7,6.1,20250630,12.5k,S
VRTX,VERTEX PHARMAC,100B,393.21,479.64,22.0%,34,60%,15,E,13.2%,0.4,27.9,20.9,--,--,1.6%,-1.2,-19.66,20250630,14.5k,H
ICE,INTERCONTINENT,98.6B,172.23,204.38,18.7%,19,100%,4,E,18.7%,1.1,33.0,25.6,0.0,1.11%,1.1%,29.5,7.27,20250630,--,I
MMC,MARSH & MCLENN,97.4B,198.11,232.42,17.3%,20,11%,9,E,1.9%,0.8,23.8,21.0,2.0,1.82%,1.1%,62.1,-13.0,20250630,5.5k,S
PH,PARKER-HANNIFI,96.3B,759.96,791.00,4.1%,24,64%,14,E,2.6%,1.3,28.0,25.8,3.4,0.95%,1.1%,32.2,28.61,20250630,4.5k,S
CDNS,CADENCE DESIGN,95.8B,351.52,369.57,5.1%,23,80%,15,E,4.1%,1.0,95.3,51.3,3.1,--,1.5%,-32.8,28.7,20250630,5.5k,S
DUK,DUKE ENERGY CO,95.2B,122.37,132.00,7.9%,19,43%,7,E,3.4%,0.4,20.0,19.3,2.5,3.48%,1.8%,-21.6,7.82,20250630,6.5k,S
HCA,HCA HEALTHCARE,94.3B,403.17,401.19,-0.5%,25,36%,11,E,-0.2%,1.4,16.9,16.4,1.2,0.71%,2.6%,30.2,0.57,20250630,4k,S
BMY,BRISTOL-MYERS ,94.3B,46.35,53.00,14.3%,27,--,2,E,0.0,0.4,18.6,6.6,--,5.35%,1.5%,8.2,-2.92,20250630,6k,I
SBUX,STARBUCKS CORP,94.0B,82.68,98.73,19.4%,34,65%,20,E,12.6%,1.0,35.8,22.2,2.6,2.95%,4.0%,-38.6,-11.96,20250630,6k,H
CME,CME GROUP INC.,93.3B,258.83,282.17,9.0%,18,29%,7,E,2.6%,0.4,25.1,25.0,5.5,1.93%,1.3%,12.3,23.72,20250630,6.5k,S
CVS,CVS HEALTH COR,93.2B,73.46,82.07,11.7%,28,78%,9,E,9.1%,0.6,20.5,11.3,0.6,3.62%,1.5%,1073.6,31.62,20250630,6.5k,H
MSTR,STRATEGY INC,92.9B,327.79,564.83,72.3%,14,100%,7,E,72.3%,3.8,23.0,-762.3,--,--,8.6%,3045.8,143.66,20250630,6k,S
MCO,MOODY'S CORPOR,91.3B,508.76,543.40,6.8%,25,67%,12,E,4.5%,1.4,43.3,38.2,2.3,0.74%,1.4%,8.2,5.71,20250630,4.5k,S
ORLY,O'REILLY AUTOM,90.2B,106.30,107.55,1.2%,29,93%,14,E,1.1%,0.6,38.0,2.4,2.2,--,1.7%,0.5,41.02,20250630,6k,S
AMT,AMERICAN TOWER,90.1B,192.50,249.21,29.5%,22,100%,8,E,29.5%,0.9,36.0,28.4,52.8,3.53%,1.4%,-11.9,-17.28,20250630,8k,H
RCL,ROYAL CARIBBEA,89.6B,329.79,356.00,7.9%,27,79%,14,E,6.2%,2.1,24.5,23.1,1.0,1.21%,5.2%,8.9,96.43,20250630,4.5k,H
TT,TRANE TECHNOLO,89.5B,402.44,456.65,13.5%,26,55%,11,E,7.3%,1.1,31.7,31.8,2.6,0.93%,1.5%,11.7,10.11,20250630,5.5k,S
SHW,THE SHERWIN-WI,89.0B,357.08,379.52,6.3%,28,80%,10,E,5.0%,1.2,35.5,27.9,3.4,0.88%,1.9%,-6.4,-5.01,20250630,5k,S
GD,GENERAL DYNAMI,88.0B,326.98,338.94,3.7%,24,78%,9,E,2.8%,0.5,22.0,20.3,1.9,1.83%,0.9%,9.0,8.55,20250630,6.5k,S
MCK,MCKESSON CORPO,87.4B,702.88,788.57,12.2%,17,67%,3,E,8.1%,0.5,28.2,19.1,1.1,0.47%,1.5%,225.3,35.82,20250630,7k,I
NEM,NEWMONT CORPOR,87.2B,79.36,76.87,-3.1%,21,57%,7,E,-1.8%,0.4,14.4,20.7,--,1.26%,2.5%,136.1,52.36,20250630,6k,S
WM,WASTE MANAGEME,87.1B,216.13,257.45,19.1%,26,67%,6,E,12.7%,0.6,32.1,26.8,2.4,1.53%,1.0%,-4.5,5.24,20250630,7k,H
DELL,DELL TECHNOLOG,85.3B,126.80,149.64,18.0%,25,88%,8,E,15.8%,1.1,18.5,13.5,0.8,1.66%,4.3%,2.8,11.88,20250731,6k,H
MMM,3M COMPANY,83.4B,156.66,161.94,3.4%,19,100%,3,E,3.4%,1.1,21.7,19.8,3.3,1.86%,1.4%,-47.3,18.7,20250630,5k,I
NOC,NORTHROP GRUMM,82.3B,574.54,606.63,5.6%,24,50%,8,E,2.8%,0.1,21.2,20.5,3.4,1.61%,1.2%,14.4,12.15,20250630,6.5k,S
CTAS,CINTAS CORPORA,80.5B,199.71,220.94,10.6%,20,29%,7,E,3.0%,1.0,45.5,42.7,3.7,0.90%,2.4%,-0.8,-1.82,20250531,5.5k,S
MSI,MOTOROLA SOLUT,80.4B,482.43,503.75,4.4%,13,100%,4,E,4.4%,1.0,38.7,32.8,1.8,0.90%,1.7%,-8.7,9.94,20250630,5.5k,I
MDLZ,MONDELEZ INTER,79.7B,61.60,74.33,20.7%,27,57%,7,E,11.8%,0.5,22.6,18.0,4.7,3.25%,2.2%,-24.9,-16.11,20250630,7k,S
PNC,THE PNC FINANC,79.7B,202.46,215.59,6.5%,23,36%,11,E,2.4%,1.1,13.8,13.5,2.0,3.36%,1.8%,9.2,15.96,20250630,5k,S
CI,THE CIGNA GROU,79.3B,297.14,369.13,24.2%,25,83%,6,E,20.2%,0.5,16.3,9.5,0.5,2.03%,1.5%,107.3,-17.45,20250630,8k,B
APO,APOLLO GLOBAL ,79.2B,138.48,162.48,17.3%,20,100%,5,E,17.3%,1.7,25.8,16.3,--,1.47%,5.7%,-22.3,19.73,20250630,5k,H
AON,AON PLC,78.4B,363.80,414.20,13.9%,20,70%,10,E,9.7%,0.9,30.7,20.9,1.6,0.82%,0.9%,68.8,4.56,20250630,6k,H
SNPS,"SYNOPSYS, INC.",77.9B,419.20,569.19,35.8%,22,67%,15,E,23.9%,1.1,56.5,28.2,--,--,1.8%,-13.2,-15.92,20250731,G
EQIX,"EQUINIX, INC.",77.5B,791.68,958.33,21.1%,28,80%,10,E,16.8%,0.9,78.2,59.2,3.0,2.37%,2.8%,23.9,-7.73,20250630,G
ITW,ILLINOIS TOOL ,76.9B,263.87,258.91,-1.9%,20,--,9,E,-0.0,1.1,23.1,24.7,3.7,2.44%,2.2%,-34.9,5.91,20250630,--,S
ECL,ECOLAB INC.,76.8B,270.61,286.10,5.7%,26,75%,8,E,4.3%,1.1,36.2,36.1,2.9,0.96%,0.9%,-28.8,7.94,20250630,5k,S
USB,U.S. BANCORP,76.7B,49.29,53.60,8.8%,24,88%,8,E,7.7%,1.1,11.8,11.4,1.6,4.22%,1.4%,5.9,15.3,20250630,5.5k,H
HWM,HOWMET AEROSPA,76.3B,189.25,204.83,8.2%,24,100%,5,E,8.2%,1.5,55.2,59.7,--,0.25%,3.9%,22.6,99.47,20250630,4.5k,H
EMR,EMERSON ELECTR,76.3B,135.66,150.76,11.1%,30,57%,7,E,6.4%,1.3,34.9,21.5,1.4,1.56%,2.7%,3.9,34.72,20250630,5k,S
BK,THE BANK OF NE,75.1B,106.42,102.27,-3.9%,16,29%,7,E,-1.1%,1.1,16.3,16.3,1.1,1.99%,1.5%,20.4,54.42,20250630,5k,S
AJG,ARTHUR J. GALL,74.2B,289.40,337.87,16.7%,17,33%,6,E,5.6%,0.7,43.8,25.7,1.0,0.90%,1.6%,17.0,-2.61,20250630,6k,S
ABNB,"AIRBNB, INC.",73.7B,120.37,138.12,14.7%,45,20%,20,E,2.9%,1.1,29.2,26.7,1.5,--,4.5%,-53.1,2.4,20250630,G
TDG,TRANSDIGM GROU,72.6B,1288.13,1604.56,24.6%,23,67%,9,E,16.4%,1.0,42.7,29.6,3.8,--,2.5%,5.1,5.87,20250630,6.5k,H
VST,VISTRA CORP.,72.3B,213.52,218.24,2.2%,17,75%,4,E,1.7%,1.3,34.3,30.9,4.3,0.42%,2.5%,-82.7,140.51,20250630,4.5k,I
FI,"FISERV, INC.",72.1B,132.65,184.16,38.8%,39,100%,10,E,38.8%,0.9,22.2,13.0,0.5,--,1.2%,81.9,-24.35,20250630,G
MAR,MARRIOTT INTER,72.0B,265.14,283.58,7.0%,28,--,4,E,0.0,1.4,29.9,25.0,1.4,1.01%,3.2%,30.7,15.16,20250630,4k,I
WMB,THE WILLIAMS C,71.3B,58.40,63.68,9.0%,22,50%,6,E,4.5%,0.7,29.5,27.9,2.2,3.42%,1.1%,-22.7,33.02,20250630,6k,S
RSG,REPUBLIC SERVI,71.2B,228.14,264.85,16.1%,25,60%,5,E,9.7%,0.6,33.8,33.5,3.1,1.10%,1.2%,-2.8,12.27,20250630,6.5k,S
UPS,UNITED PARCEL ,71.2B,84.02,103.63,23.3%,32,44%,16,E,10.2%,1.1,12.5,9.5,1.2,7.81%,2.8%,-16.6,-30.69,20250630,5.5k,S
AZO,"AUTOZONE, INC.",70.8B,4233.30,4311.39,1.8%,28,100%,7,E,1.8%,0.4,28.7,24.3,2.8,--,1.7%,-32.6,36.51,20250531,G
JCI,JOHNSON CONTRO,70.5B,107.81,113.55,5.3%,23,22%,9,E,1.2%,1.3,35.9,25.7,1.4,1.48%,5.7%,275.7,51.33,20250630,4.5k,S
SPG,SIMON PROPERTY,69.3B,183.76,184.75,0.5%,19,33%,9,E,0.2%,1.5,28.4,27.1,--,4.68%,2.3%,17.0,17.0,20250630,4k,S
ELV,ELEVANCE HEALT,69.1B,306.91,370.44,20.7%,22,81%,16,E,16.8%,0.6,13.0,8.8,0.8,2.23%,1.2%,71.6,-43.54,20250630,7.5k,B
ADSK,"AUTODESK, INC.",68.4B,321.07,358.96,11.8%,31,94%,17,E,11.1%,1.5,66.6,35.0,1.8,--,1.6%,13.8,19.92,20250731,G
GLW,CORNING INCORP,66.8B,77.98,69.83,-10.4%,14,67%,15,E,-7.0%,1.1,83.0,33.8,0.7,1.44%,1.5%,500.9,85.66,20250630,5k,S
CL,COLGATE-PALMOL,66.4B,82.13,95.22,15.9%,21,71%,7,E,11.4%,0.4,23.1,21.3,1.7,2.53%,1.6%,0.8,-20.35,20250630,7k,H
FCX,FREEPORT-MCMOR,65.5B,45.64,50.69,11.1%,20,57%,7,E,6.3%,1.6,34.6,21.1,3.3,1.31%,1.6%,46.8,7.98,20250630,4.5k,S
ZTS,ZOETIS INC.,64.8B,146.25,190.09,30.0%,19,67%,3,E,20.0%,0.9,25.2,23.1,2.2,1.37%,1.8%,5.3,-23.79,20250630,7k,I
APD,AIR PRODUCTS A,64.4B,289.52,324.14,12.0%,25,100%,5,E,12.0%,0.8,41.0,20.4,7.2,2.47%,2.3%,-63.2,2.71,20250630,6.5k,H
EOG,"EOG RESOURCES,",64.2B,117.54,139.55,18.7%,32,64%,11,E,11.9%,0.9,11.4,10.6,--,3.47%,2.6%,-19.6,-0.29,20250630,G
PYPL,PAYPAL HOLDING,64.1B,67.11,82.52,23.0%,47,67%,6,E,15.3%,1.4,14.4,13.7,0.7,--,3.2%,24.9,-5.57,20250630,5.5k,H
HLT,HILTON WORLDWI,63.8B,271.25,275.38,1.5%,27,71%,7,E,1.1%,1.2,41.7,33.9,1.5,0.22%,4.0%,27.9,24.66,20250630,4.5k,S
MNST,MONSTER BEVERA,62.8B,64.35,66.91,4.0%,26,67%,9,E,2.7%,0.5,40.0,34.4,1.8,--,2.8%,31.8,26.8,20250630,6.5k,S
TEL,TE CONNECTIVIT,62.4B,211.15,220.25,4.3%,19,55%,11,E,2.4%,1.2,43.4,23.5,3.2,1.35%,1.5%,131.2,47.14,20250630,5k,S
TRV,THE TRAVELERS ,62.2B,276.30,290.75,5.2%,23,17%,6,E,0.9%,0.5,12.2,13.0,2.7,1.59%,1.5%,19.8,15.94,20250630,6k,S
NSC,NORFOLK SOUTHE,62.2B,277.16,298.16,7.6%,28,50%,14,E,3.8%,1.3,18.7,20.4,2.4,1.95%,1.3%,-30.1,14.65,20250630,4.5k,S
FTNT,"FORTINET, INC.",62.1B,81.00,90.32,11.5%,47,18%,22,E,2.1%,1.1,32.3,33.6,1.9,--,3.2%,-18.5,6.1,20250630,G
URI,UNITED RENTALS,61.0B,947.90,918.07,-3.1%,23,75%,8,E,-2.4%,1.7,24.6,20.2,1.6,0.76%,3.7%,-12.1,28.87,20250630,4k,S
DLR,DIGITAL REALTY,60.8B,175.04,195.83,11.9%,28,62%,8,E,7.4%,1.0,45.8,144.7,5.9,2.79%,3.0%,1916.2,12.0,20250630,5.5k,H
KMI,"KINDER MORGAN,",60.8B,27.36,31.06,13.5%,20,40%,5,E,5.4%,0.8,22.4,21.7,2.1,4.28%,2.2%,14.4,33.1,20250630,G
REGN,REGENERON PHAR,60.7B,572.59,716.87,25.2%,25,80%,10,E,20.2%,0.3,14.4,12.6,1.1,0.61%,2.8%,3.8,-50.13,20250630,8k,B
CSX,CSX CORPORATIO,60.6B,32.50,37.92,16.7%,28,73%,15,E,12.2%,1.2,19.9,16.0,2.3,1.60%,1.6%,-7.3,-2.37,20250630,5.5k,H
AXON,AXON ENTERPRIS,59.7B,760.79,884.69,16.3%,17,78%,9,E,12.7%,1.4,188.8,122.7,--,--,2.5%,-46.1,97.21,20250630,5k,H
WDAY,"WORKDAY, INC.",59.5B,222.75,279.05,25.3%,42,71%,21,E,18.1%,1.1,103.1,26.8,0.9,--,4.8%,18.1,-10.62,20250731,G
AEP,AMERICAN ELECT,58.3B,109.09,114.50,5.0%,21,14%,7,E,0.7%,0.4,16.0,18.5,2.3,3.41%,4.3%,27.7,7.78,20250630,6k,S
MRVL,MARVELL TECHNO,58.1B,67.43,85.94,27.5%,42,77%,13,E,21.1%,1.8,--,27.0,--,0.36%,4.2%,128.8,-7.83,20250731,5.5k,H
AFL,AFLAC INCORPOR,58.0B,108.41,108.08,-0.3%,13,--,9,E,-0.0,0.8,24.4,15.1,--,2.14%,1.4%,744.1,0.49,20250630,5.5k,S
TFC,TRUIST FINANCI,57.7B,44.78,48.73,8.8%,23,33%,3,E,2.9%,0.9,12.1,11.3,--,4.64%,2.5%,-13.8,11.52,20250630,5.5k,I
PWR,QUANTA SERVICE,57.5B,385.68,419.40,8.7%,29,54%,13,E,4.7%,1.0,59.9,38.0,1.6,0.10%,3.4%,-21.8,42.21,20250630,5.5k,S
CMI,CUMMINS INC.,57.1B,414.20,418.51,1.0%,23,50%,6,E,0.5%,1.0,19.4,18.4,2.1,1.93%,1.2%,10.0,40.42,20250630,5k,S
COR,"CENCORA, INC.",56.5B,291.40,333.29,14.4%,17,33%,3,E,4.8%,0.6,29.9,17.8,0.8,0.75%,5.5%,20225.3,21.8,20250630,G
GM,GENERAL MOTORS,56.1B,58.95,58.20,-1.3%,28,70%,10,E,-0.9%,1.3,9.0,5.6,1.5,1.02%,2.1%,-38.0,27.11,20250630,4.5k,S
NXPI,NXP SEMICONDUC,55.3B,219.27,258.19,17.7%,33,73%,11,E,12.9%,1.4,26.1,16.8,1.1,1.85%,3.2%,-38.0,-3.32,20250630,5k,H
O,REALTY INCOME ,55.1B,60.22,62.55,3.9%,24,20%,5,E,0.8%,0.8,58.5,37.9,--,5.32%,5.1%,-26.9,1.59,20250630,5.5k,S
FAST,FASTENAL COMPA,54.8B,47.76,44.35,-7.1%,17,17%,6,E,-1.2%,1.0,45.9,21.8,3.9,1.84%,2.5%,10.8,41.47,20250630,5k,S
MPC,MARATHON PETRO,54.7B,179.94,183.72,2.1%,20,53%,15,E,1.1%,0.9,26.2,17.6,1.8,2.02%,3.0%,95.5,14.32,20250630,5.5k,S
ROP,ROPER TECHNOLO,54.4B,505.23,633.40,25.4%,19,80%,5,E,20.3%,1.0,35.5,25.2,2.6,0.65%,1.4%,2.8,-8.69,20250630,6.5k,H
SRE,SEMPRA,54.4B,83.39,84.08,0.8%,17,--,3,E,0.0,0.7,20.2,16.2,1.9,3.09%,1.7%,-27.1,3.0,20250630,5.5k,I
PCAR,PACCAR INC,53.6B,102.17,103.69,1.5%,22,--,3,E,0.0,0.9,17.5,13.2,2.5,1.29%,2.6%,-25.5,11.2,20250630,5k,I
MET,"METLIFE, INC.",53.5B,80.46,92.07,14.4%,16,100%,10,E,14.4%,0.9,13.7,8.3,0.8,2.82%,1.6%,-45.7,6.97,20250630,G
NDAQ,"NASDAQ, INC.",53.3B,92.86,100.28,8.0%,20,85%,13,E,6.8%,1.0,35.7,29.6,1.5,1.16%,1.4%,47.7,28.24,20250630,G
FDX,FEDEX CORPORAT,53.3B,225.69,262.96,16.5%,32,84%,19,E,13.9%,1.2,13.4,9.9,1.0,2.57%,1.9%,107.6,-21.06,20250531,5.5k,B
BDX,"BECTON, DICKIN",53.2B,185.74,208.00,12.0%,17,33%,3,E,4.0%,0.3,34.0,11.8,0.9,2.24%,1.6%,43.5,-18.98,20250630,G
PSX,PHILLIPS 66,53.0B,131.18,137.47,4.8%,21,21%,14,E,1.0%,1.1,31.2,13.8,0.6,3.66%,2.5%,153.5,6.92,20250630,5k,S
LHX,L3HARRIS TECHN,52.7B,281.89,302.58,7.3%,24,80%,10,E,5.9%,0.8,31.5,19.6,0.5,1.70%,1.6%,14.5,24.06,20250630,6k,S
CARR,CARRIER GLOBAL,52.1B,61.24,77.63,26.8%,25,67%,12,E,17.8%,1.2,35.2,20.1,14.9,1.47%,1.7%,7.8,-19.61,20250630,6k,H
ALL,THE ALLSTATE C,51.9B,196.89,229.70,16.7%,20,75%,12,E,12.5%,0.4,9.3,10.3,1.2,2.03%,1.8%,77.2,5.32,20250630,7.5k,B
SLB,SCHLUMBERGER L,51.9B,34.77,46.64,34.1%,29,90%,10,E,30.7%,1.1,11.9,9.5,4.4,3.28%,2.8%,-14.5,-11.35,20250630,7k,H
D,DOMINION ENERG,51.7B,60.58,61.31,1.2%,18,--,2,E,0.0,0.6,20.1,17.9,2.1,4.41%,4.9%,-21.5,8.44,20250630,6k,I
CMG,CHIPOTLE MEXIC,51.7B,38.58,57.52,49.1%,35,74%,27,E,36.4%,1.0,34.1,29.5,1.7,--,1.8%,12.6,-33.09,20250630,7.5k,H
IDXX,IDEXX LABORATO,51.5B,643.99,695.09,7.9%,13,60%,5,E,4.8%,1.6,53.5,53.8,4.3,--,3.4%,26.3,25.93,20250630,--,S
DHI,"D.R. HORTON, I",51.3B,172.09,162.60,-5.5%,20,50%,6,E,-2.8%,1.4,13.8,10.8,1.8,0.93%,4.7%,-20.2,-10.58,20250630,G
PSA,PUBLIC STORAGE,50.3B,286.56,322.21,12.4%,21,43%,7,E,5.3%,0.8,31.2,27.0,10.5,4.19%,2.1%,-16.7,-17.86,20250630,6k,S
CBRE,"CBRE GROUP, IN",49.3B,165.56,169.73,2.5%,13,71%,7,E,1.8%,1.4,46.5,27.6,1.0,--,1.5%,-4.4,38.54,20250630,G
VLO,VALERO ENERGY ,48.9B,157.57,161.78,2.7%,22,81%,16,E,2.2%,1.1,63.8,16.3,5.1,2.87%,4.4%,96.2,21.68,20250630,5k,S
DDOG,"DATADOG, INC.",48.4B,138.65,159.93,15.3%,45,87%,15,E,13.3%,1.1,385.1,68.3,2.1,--,4.2%,-94.9,24.46,20250630,G
GWW,"W.W. GRAINGER,",48.4B,1012.62,1040.62,2.8%,20,--,4,E,0.0,1.2,25.7,24.0,2.0,0.89%,2.2%,-0.8,1.27,20250630,G
WBD,WARNER BROS. D,48.2B,19.46,14.90,-23.4%,25,43%,14,E,-10.0%,1.6,62.8,-149.7,--,--,4.3%,1070.4,127.34,20250630,4k,S
ROST,"ROSS STORES, I",48.1B,147.05,159.76,8.6%,20,56%,9,E,4.8%,1.2,23.4,22.0,2.9,1.10%,1.6%,-9.1,-2.92,20250731,G
CTVA,"CORTEVA, INC.",47.6B,70.07,81.36,16.1%,24,90%,10,E,14.5%,0.8,32.3,21.8,1.6,1.03%,1.2%,364.4,25.81,20250630,G
PAYX,"PAYCHEX, INC.",47.5B,131.97,146.58,11.1%,18,--,9,E,0.0,0.9,28.8,24.9,2.3,3.27%,3.9%,-30.5,0.38,20250531,G
F,FORD MOTOR COM,46.5B,11.68,10.84,-7.2%,25,17%,6,E,-1.2%,1.5,15.0,6.7,14.3,5.14%,4.7%,-104.0,16.39,20250630,4k,S
HES,HESS CORPORATI,46.1B,148.97,158.92,6.7%,16,56%,9,E,3.7%,0.6,20.7,18.4,3.5,0.01%,3.0%,-43.2,16.77,20250331,6k,S
CPRT,"COPART, INC.",46.0B,47.60,56.62,19.0%,11,50%,2,E,9.5%,1.0,29.9,27.4,2.4,--,3.4%,26.1,-4.32,20250731,G
AMP,AMERIPRISE FIN,46.0B,487.65,558.90,14.6%,13,43%,7,E,6.3%,1.3,15.2,12.6,1.7,1.31%,2.6%,107.4,10.89,20250630,5k,S
OKE,"ONEOK, INC.",45.7B,72.61,96.11,32.4%,19,57%,7,E,18.5%,1.0,14.2,12.2,1.5,5.67%,2.5%,21.4,-18.84,20250630,G
BKR,BAKER HUGHES C,45.6B,46.28,51.05,10.3%,26,73%,11,E,7.5%,1.0,15.1,18.0,5.7,1.99%,3.3%,-8.5,39.22,20250630,5.5k,H
TEAM,ATLASSIAN CORP,45.6B,173.87,258.62,48.7%,31,92%,12,E,44.7%,1.0,--,42.3,2.0,--,3.4%,80.7,5.28,20250630,7.5k,H
TTWO,TAKE-TWO INTER,45.6B,247.25,262.02,6.0%,26,100%,9,E,6.0%,1.0,--,31.5,4.8,--,4.7%,96.7,62.18,20250630,5.5k,S
GRMN,GARMIN LTD.,45.4B,235.83,213.83,-9.3%,10,--,3,E,-0.0,1.0,29.2,31.6,3.4,1.53%,1.9%,0.4,38.2,20250630,5k,I
ZS,"ZSCALER, INC.",45.2B,285.66,325.61,14.0%,46,87%,23,E,12.2%,1.0,--,80.2,3.9,--,5.7%,-45.9,66.29,20250731,G
STX,SEAGATE TECHNO,45.0B,211.12,176.25,-16.5%,23,59%,17,E,-9.7%,1.6,31.1,21.8,1.3,1.36%,9.8%,60.0,113.94,20250630,4k,S
OXY,OCCIDENTAL PET,44.8B,45.47,50.74,11.6%,27,10%,10,E,1.2%,1.0,26.7,14.4,1.7,2.11%,6.0%,-59.6,-9.51,20250630,5k,S
MSCI,MSCI INC.,44.6B,576.61,621.57,7.8%,19,60%,5,E,4.7%,1.3,38.2,33.8,2.3,1.25%,2.0%,8.1,3.0,20250630,4.5k,S
EW,EDWARDS LIFESC,44.6B,76.05,87.73,15.4%,32,56%,16,E,8.6%,1.1,31.8,31.0,4.1,--,2.0%,-8.1,9.65,20250630,5.5k,S
KR,THE KROGER CO.,44.6B,67.41,75.86,12.5%,25,60%,5,E,7.5%,0.6,17.1,14.7,1.6,2.08%,6.6%,85.8,22.42,20250731,6.5k,S
EXC,EXELON CORPORA,43.9B,43.43,47.00,8.2%,17,--,2,E,0.0,0.5,16.5,16.5,2.0,3.68%,3.2%,-44.7,11.47,20250630,6k,I
AME,"AMETEK, INC.",43.8B,189.56,205.71,8.5%,18,50%,8,E,4.3%,1.1,30.5,26.0,2.7,0.65%,1.3%,5.3,13.34,20250630,G
XEL,XCEL ENERGY IN,43.2B,73.05,77.50,6.1%,17,100%,1,E,6.1%,0.4,20.2,19.1,2.7,3.12%,2.8%,-34.9,16.91,20250630,6.5k,I
EA,ELECTRONIC ART,43.0B,171.76,175.53,2.2%,28,50%,6,E,1.1%,0.8,42.9,20.1,1.7,0.44%,3.8%,-31.6,17.82,20250630,5.5k,S
AIG,AMERICAN INTER,42.7B,77.03,88.28,14.6%,18,33%,3,E,4.9%,0.7,14.4,11.5,--,2.34%,2.4%,136.9,7.18,20250630,6k,I
CCL,CARNIVAL CORPO,42.4B,31.24,34.09,9.1%,29,83%,18,E,7.6%,2.7,16.4,18.2,--,--,4.9%,-67.4,75.21,20250531,4.5k,H
KMB,KIMBERLY-CLARK,41.6B,125.47,142.47,13.5%,19,--,5,E,0.0,0.3,17.2,16.4,5.0,4.02%,1.9%,-51.4,-9.72,20250630,6k,S
PEG,PUBLIC SERVICE,41.4B,82.97,90.54,9.1%,19,40%,5,E,3.6%,0.5,21.0,20.4,2.3,3.04%,2.1%,12.5,0.92,20250630,6.5k,S
EBAY,EBAY INC.,41.3B,90.36,88.07,-2.5%,33,43%,21,E,-1.1%,1.3,20.1,17.3,1.9,1.28%,4.7%,-42.0,42.64,20250630,4.5k,S
YUM,"YUM! BRANDS, I",41.3B,148.90,160.25,7.6%,29,38%,8,E,2.9%,0.7,29.4,24.5,1.9,1.91%,2.9%,-2.1,12.81,20250630,G
CCEP,COCA-COLA EURO,40.8B,88.70,97.89,10.4%,14,100%,1,E,10.4%,0.6,22.6,19.5,1.4,2.47%,2.6%,--,11.35,20250806,7k,I
MPWR,MONOLITHIC POW,40.7B,849.71,843.23,-0.8%,17,73%,11,E,-0.6%,1.2,22.2,49.5,--,0.73%,4.7%,-7.4,-3.22,20250630,4.5k,S
CCI,CROWN CASTLE I,40.7B,93.57,118.84,27.0%,21,79%,14,E,21.2%,0.9,--,34.9,1.3,4.54%,1.5%,-12.5,-17.83,20250630,7k,B
ETR,ENTERGY CORPOR,40.3B,90.19,93.45,3.6%,19,100%,7,E,3.6%,0.6,22.4,11.7,1.4,2.66%,2.6%,-26.9,44.58,20250630,6k,S
TGT,TARGET CORPORA,40.2B,88.56,102.77,16.1%,38,36%,11,E,5.8%,1.2,10.3,8.4,2.1,5.08%,3.5%,9.5,-39.82,20250731,5k,S
LYV,LIVE NATION EN,40.0B,172.38,172.80,0.2%,23,80%,5,E,0.2%,1.4,73.7,71.2,11.6,--,12.0%,-46.1,69.8,20250630,4k,S
RMD,RESMED INC.,39.7B,271.19,291.86,7.6%,19,75%,8,E,5.7%,0.8,28.5,26.4,1.8,0.88%,6.7%,22.0,8.65,20250630,6k,S
ROK,ROCKWELL AUTOM,39.0B,346.44,350.25,1.1%,29,86%,14,E,0.9%,1.4,40.7,30.4,3.6,1.51%,2.2%,23.4,34.47,20250630,4.5k,S
FANG,DIAMONDBACK EN,38.9B,134.53,180.86,34.4%,30,90%,30,A,31.0%,1.1,9.7,9.2,--,2.90%,4.4%,6.1,-21.01,20250630,7k,H
VMC,VULCAN MATERIA,38.8B,294.03,304.05,3.4%,24,67%,6,E,2.3%,0.9,40.8,32.4,2.3,0.67%,3.2%,54.6,21.96,20250630,5.5k,S
SYY,SYSCO CORPORAT,38.2B,79.87,85.60,7.2%,19,90%,10,E,6.5%,0.8,21.4,16.2,1.2,2.70%,3.1%,8.4,6.43,20250630,6k,S
DAL,DELTA AIR LINE,38.1B,58.42,69.66,19.2%,24,100%,6,E,19.2%,1.5,8.5,8.3,--,1.28%,3.2%,67.5,30.44,20250630,5.5k,H
CSGP,"COSTAR GROUP, ",37.7B,88.97,96.56,8.5%,17,67%,9,E,5.7%,0.9,342.2,79.4,2.2,--,4.7%,-88.3,14.21,20250630,G
HSY,THE HERSHEY CO,37.6B,185.56,188.27,1.5%,25,9%,11,E,0.1%,0.3,24.6,22.1,47.7,2.95%,7.0%,-85.9,-4.53,20250630,6k,S
FICO,FAIR ISAAC COR,37.3B,1555.21,1877.34,20.7%,19,80%,10,E,16.6%,1.3,61.0,41.8,2.0,--,5.2%,34.0,-17.93,20250630,5.5k,H
PRU,PRUDENTIAL FIN,37.1B,105.45,115.71,9.7%,16,--,9,E,0.0,1.0,23.2,7.2,0.6,5.12%,1.9%,19.0,-6.06,20250630,5k,S
HIG,THE HARTFORD I,37.0B,131.46,138.83,5.6%,19,67%,12,E,3.7%,0.7,11.9,11.3,--,1.58%,2.0%,29.7,14.6,20250630,6k,S
MLM,MARTIN MARIETT,36.9B,611.08,648.23,6.1%,24,67%,6,E,4.1%,0.9,33.8,29.3,--,0.54%,3.2%,-9.6,16.01,20250630,5.5k,S
KDP,KEURIG DR PEPP,36.3B,26.75,37.33,39.6%,21,86%,7,E,33.9%,0.5,23.7,13.0,0.7,3.44%,2.6%,-11.2,-26.41,20250630,9k,B
CAH,CARDINAL HEALT,35.9B,150.27,180.46,20.1%,17,100%,5,E,20.1%,0.7,23.3,17.4,1.5,1.36%,4.0%,-42.5,34.74,20250630,7.5k,H
WEC,WEC ENERGY GRO,35.7B,110.97,110.04,-0.8%,17,--,1,E,-0.0,0.4,21.3,21.3,2.5,3.22%,4.3%,2.2,19.42,20250630,6k,I
CHTR,CHARTER COMMUN,35.6B,260.72,390.40,49.7%,22,33%,6,E,16.6%,1.0,7.1,7.3,0.5,--,19.3%,1.6,-24.07,20250630,6.5k,S
VRSK,VERISK ANALYTI,35.6B,255.08,307.31,20.5%,19,50%,4,E,10.2%,0.9,39.7,35.0,3.2,0.71%,2.2%,15.1,-4.74,20250630,6k,I
A,AGILENT TECHNO,35.6B,125.63,138.83,10.5%,19,60%,5,E,6.3%,1.2,29.4,22.2,2.0,0.79%,1.2%,-4.3,-8.47,20250731,5k,S
GEHC,GE HEALTHCARE ,35.5B,77.76,88.00,13.2%,21,67%,3,E,8.8%,1.3,15.9,16.7,3.5,0.18%,2.1%,3.2,-10.09,20250630,5k,I
WDC,WESTERN DIGITA,35.5B,102.39,93.00,-9.2%,25,86%,21,E,-7.9%,1.7,23.0,11.6,1.1,0.39%,11.4%,-54.6,112.0,20250630,4k,S
VICI,VICI PROPERTIE,35.3B,33.08,36.82,11.3%,24,86%,7,E,9.7%,0.7,12.7,12.1,--,5.44%,2.8%,18.0,2.57,20250630,6.5k,H
OTIS,OTIS WORLDWIDE,35.2B,89.63,99.23,10.7%,15,30%,10,E,3.2%,1.0,23.7,21.4,2.2,1.87%,1.7%,-27.2,-3.84,20250630,5.5k,S
TRGP,TARGA RESOURCE,35.1B,163.33,207.42,27.0%,22,100%,8,E,27.0%,1.2,23.4,19.8,1.2,2.45%,2.0%,62.4,10.63,20250630,6.5k,B
KVUE,KENVUE INC.,35.0B,18.25,22.60,23.8%,18,33%,9,E,7.9%,0.8,24.3,15.0,0.9,4.55%,3.0%,9.7,-19.02,20250630,6k,S
FIS,FIDELITY NATIO,35.0B,66.93,85.39,27.6%,28,25%,4,E,6.9%,1.1,267.7,11.7,0.5,2.39%,3.0%,-291.1,-19.65,20250630,5.5k,I
ED,CONSOLIDATED E,35.0B,97.00,105.29,8.5%,17,33%,6,E,2.8%,0.3,17.6,17.3,3.2,3.51%,3.0%,-58.2,-4.27,20250630,6.5k,S
XYL,XYLEM INC.,34.5B,141.74,157.29,11.0%,22,67%,6,E,7.3%,1.1,36.9,29.8,2.3,1.13%,1.2%,4.1,8.01,20250630,5.5k,H
LEN,LENNAR CORPORA,34.5B,133.77,124.00,-7.3%,20,18%,11,E,-1.3%,1.3,11.1,8.3,2.2,1.50%,6.7%,-58.9,-25.04,20250531,4.5k,S
MCHP,MICROCHIP TECH,34.1B,63.17,76.24,20.7%,24,91%,11,E,18.8%,1.5,--,24.3,--,2.88%,4.5%,-123.7,-15.55,20250630,5.5k,H
UAL,UNITED AIRLINE,33.8B,104.55,111.60,6.7%,25,100%,6,E,6.7%,1.5,10.5,8.6,5.4,--,4.5%,0.8,103.64,20250630,4.5k,S
PCG,PG&E CORPORATI,33.7B,15.34,20.46,33.4%,18,100%,1,E,33.4%,0.6,14.2,10.4,0.9,0.65%,1.9%,-5.2,-22.95,20250630,8.5k,I
CTSH,COGNIZANT TECH,33.5B,68.59,86.86,26.6%,27,100%,5,E,26.6%,0.9,13.9,13.7,1.2,1.81%,6.7%,10.8,-10.53,20250630,7.5k,S
ACGL,ARCH CAPITAL G,33.5B,89.86,108.31,20.5%,14,50%,8,E,10.3%,0.5,9.3,9.9,--,--,1.6%,25.2,-17.26,20250630,7k,S
RJF,RAYMOND JAMES ,33.5B,168.26,173.27,3.0%,14,14%,7,E,0.4%,1.1,16.5,15.1,1.4,1.19%,4.1%,-27.6,42.48,20250630,5k,S
HUM,HUMANA INC.,33.1B,275.42,298.95,8.5%,26,27%,11,E,2.3%,0.4,21.1,16.4,1.1,1.29%,4.3%,13.5,-11.46,20250630,6k,S
ANSS,"ANSYS, INC.",32.9B,374.30,351.00,-6.2%,11,--,1,E,-0.0,1.2,55.5,29.6,2.5,--,2.9%,-60.1,17.69,20250331,G
HPE,HEWLETT PACKAR,32.8B,24.84,25.43,2.4%,19,56%,9,E,1.3%,1.4,29.2,11.8,5.0,2.09%,3.8%,-77.7,48.37,20250731,4.5k,S
WTW,WILLIS TOWERS ,32.6B,333.70,364.50,9.2%,18,25%,4,E,2.3%,0.7,227.0,18.4,--,1.10%,3.6%,119.8,14.84,20250630,6k,I
NUE,NUCOR CORPORAT,32.5B,141.57,161.08,13.8%,16,60%,5,E,8.3%,1.8,25.4,15.1,--,1.55%,3.2%,141.3,0.73,20250630,4.5k,S
DD,DUPONT DE NEMO,32.3B,77.11,89.31,15.8%,19,100%,7,E,15.8%,1.1,453.6,17.6,0.7,2.13%,1.3%,-51.9,-3.98,20250630,6k,H
WAB,WESTINGHOUSE A,32.2B,188.34,226.50,20.3%,12,75%,4,E,15.2%,1.1,28.1,22.2,--,0.53%,1.8%,18.7,11.2,20250630,6k,I
NRG,"NRG ENERGY, IN",32.1B,166.08,173.06,4.2%,11,75%,4,E,3.2%,1.2,71.3,24.1,1.3,1.06%,3.0%,86.4,108.8,20250630,G
EXR,EXTRA SPACE ST,31.9B,143.73,157.10,9.3%,21,30%,10,E,2.8%,1.1,31.2,30.1,3.7,4.51%,2.2%,29.3,-15.48,20250630,5k,S
STT,STATE STREET C,31.8B,112.12,116.39,3.8%,16,80%,10,E,3.0%,1.5,12.6,12.0,1.0,3.00%,1.9%,-5.1,35.48,20250630,4k,S
VTR,"VENTAS, INC.",31.7B,69.85,77.56,11.0%,20,67%,6,E,7.4%,0.9,162.4,436.6,1.7,2.75%,4.0%,254.7,11.18,20250630,G
IQV,IQVIA HOLDINGS,31.6B,185.97,216.42,16.4%,24,71%,7,E,11.7%,1.3,27.0,15.4,1.0,--,3.4%,-6.7,-22.31,20250630,--,H
TSCO,TRACTOR SUPPLY,31.6B,59.61,62.59,5.0%,33,75%,16,E,3.8%,0.8,29.4,5.4,2.5,1.54%,8.1%,78.1,6.9,20250630,5.5k,S
EFX,EQUIFAX INC.,31.6B,256.88,281.00,9.4%,23,73%,11,E,6.8%,1.7,50.3,27.3,1.2,0.78%,2.7%,35.4,-14.93,20250630,4.5k,H
EL,THE ESTÃ‰E LAUD,31.5B,87.40,92.09,5.4%,28,43%,14,E,2.3%,1.1,--,32.4,1.7,1.60%,4.8%,-250.0,4.58,20250630,5k,S
IR,INGERSOLL RAND,31.4B,79.05,90.27,14.2%,17,62%,8,E,8.9%,1.4,61.3,22.3,1.1,0.10%,4.0%,-152.0,-12.99,20250630,5k,H
EQT,EQT CORPORATIO,31.2B,49.98,62.72,25.5%,24,58%,12,E,14.9%,0.6,26.3,19.8,0.3,1.26%,2.9%,360.7,50.95,20250630,7k,S
MTB,M&T BANK CORPO,30.7B,196.57,217.65,10.7%,21,40%,5,E,4.3%,0.7,12.7,12.1,26.4,3.05%,3.1%,-0.7,16.81,20250630,6k,S
ODFL,OLD DOMINION F,30.5B,145.25,161.00,10.8%,26,43%,14,E,4.6%,1.2,28.4,24.6,2.6,0.77%,6.3%,-12.9,-23.83,20250630,5k,S
KHC,THE KRAFT HEIN,30.3B,25.63,29.71,15.9%,22,--,8,E,0.0,0.2,--,8.3,1.0,6.24%,7.0%,-2597.9,-24.0,20250630,6k,S
BRO,"BROWN & BROWN,",30.0B,90.88,109.92,20.9%,14,42%,12,E,8.7%,0.8,26.2,22.2,--,0.66%,2.6%,-1.3,-12.2,20250630,G
FITB,FIFTH THIRD BA,30.0B,45.36,48.45,6.8%,24,100%,1,E,6.8%,1.0,14.1,12.4,2.6,3.53%,4.2%,9.6,10.94,20250630,5.5k,I
DXCM,"DEXCOM, INC.",29.6B,75.58,102.08,35.1%,27,78%,9,E,27.3%,1.5,53.2,37.2,1.0,--,3.6%,33.6,7.83,20250630,G
KEYS,KEYSIGHT TECHN,29.5B,171.76,187.60,9.2%,13,50%,2,E,4.6%,1.2,54.7,24.6,1.1,--,2.1%,361.6,14.91,20250731,5k,I
IRM,IRON MOUNTAIN ,29.5B,99.82,114.50,14.7%,10,100%,2,E,14.7%,1.1,713.0,50.9,--,3.15%,4.0%,-33.6,-12.85,20250630,--,I
BR,BROADRIDGE FIN,29.3B,249.79,279.12,11.7%,10,33%,3,E,3.9%,1.0,35.2,26.7,2.0,1.56%,1.2%,368.9,19.84,20250630,5.5k,I
ADM,ARCHER-DANIELS,29.1B,60.53,58.30,-3.7%,11,25%,4,E,-0.9%,0.7,26.3,11.9,--,3.37%,2.3%,1116.7,4.21,20250630,5.5k,I
SYF,SYNCHRONY FINA,28.4B,76.28,80.10,5.0%,22,75%,12,E,3.8%,1.5,9.3,11.8,--,1.57%,5.5%,22.6,64.1,20250630,4.5k,S
DTE,DTE ENERGY COM,28.3B,136.45,145.62,6.7%,19,--,4,E,0.0,0.4,19.6,18.9,3.0,3.20%,2.3%,-52.0,11.63,20250630,6k,I
EXPE,"EXPEDIA GROUP,",28.2B,228.24,222.16,-2.7%,37,24%,17,E,-0.6%,1.6,28.1,15.9,0.8,0.70%,6.6%,-51.8,69.16,20250630,G
WRB,W. R. BERKLEY ,27.6B,72.79,72.73,-0.1%,16,20%,5,E,-0.0%,0.4,16.5,16.7,10.7,0.49%,2.9%,9.8,26.99,20250630,6k,S
AVB,AVALONBAY COMM,27.5B,192.84,219.30,13.7%,24,23%,13,E,3.2%,0.9,23.7,34.8,7.0,3.63%,4.1%,-27.9,-14.48,20250630,5.5k,S
K,KELLANOVA,27.5B,79.05,83.39,5.5%,16,--,16,A,0.0,0.3,20.7,65.9,3.4,2.93%,3.0%,-18.5,0.78,20250630,6k,S
ROL,"ROLLINS, INC.",27.3B,56.43,58.73,4.1%,13,40%,5,E,1.6%,0.7,55.9,50.4,4.4,1.17%,2.7%,3.3,12.2,20250630,G
MDB,"MONGODB, INC.",27.2B,333.97,322.38,-3.5%,39,90%,31,E,-3.1%,1.5,--,103.1,--,--,8.4%,-381.3,15.14,20250731,G
AEE,AMEREN CORPORA,27.2B,100.47,106.69,6.2%,15,67%,3,E,4.1%,0.5,22.1,20.4,2.3,2.83%,4.3%,-39.7,21.02,20250630,6.5k,I
SMCI,SUPER MICRO CO,27.0B,45.38,49.82,9.8%,19,32%,19,A,3.1%,1.6,27.0,10.7,--,--,21.1%,-54.0,1.05,20250630,4k,S
VRSN,"VERISIGN, INC.",26.9B,287.96,309.00,7.3%,3,100%,1,E,7.3%,0.8,34.4,33.3,2.2,1.07%,2.7%,3.0,58.71,20250630,G
VLTO,VERALTO CORPOR,26.8B,107.80,115.71,7.3%,18,40%,5,E,2.9%,--,30.1,28.7,3.8,0.41%,1.6%,1.4,-1.56,20250630,5k,S
AWK,AMERICAN WATER,26.8B,137.58,141.80,3.1%,15,17%,6,E,0.5%,0.7,24.8,24.1,3.3,2.41%,5.6%,-17.4,-5.52,20250630,5.5k,S
ATO,ATMOS ENERGY C,26.6B,165.81,162.70,-1.9%,15,--,3,E,-0.0,0.7,22.9,23.2,2.7,2.10%,4.0%,39.1,22.63,20250630,5.5k,I
PPL,PPL CORPORATIO,26.6B,35.97,38.31,6.5%,15,--,1,E,0.0,0.7,27.0,19.7,1.3,3.03%,4.5%,-14.5,13.6,20250630,5.5k,I
PHM,"PULTEGROUP, IN",26.6B,134.84,137.00,1.6%,16,82%,11,E,1.3%,1.3,10.1,10.0,0.4,0.65%,4.1%,-12.8,-2.99,20250630,G
GIS,"GENERAL MILLS,",26.2B,49.01,54.75,11.7%,22,29%,14,E,3.3%,-0.0,12.0,10.4,11.3,4.98%,8.0%,-49.3,-31.61,20250531,G
TDY,TELEDYNE TECHN,26.1B,556.66,608.40,9.3%,11,67%,3,E,6.2%,1.1,30.7,25.9,--,--,1.5%,-19.9,29.72,20250630,5.5k,I
MTD,METTLER-TOLEDO,26.0B,1260.13,1294.55,2.7%,14,60%,5,E,1.6%,1.4,32.0,29.6,3.5,--,3.8%,-4.3,-9.55,20250630,4.5k,S
HPQ,HP INC.,25.9B,27.75,28.09,1.2%,17,25%,4,E,0.3%,1.3,10.1,7.7,1.9,4.17%,5.1%,-15.8,-14.46,20250731,4.5k,I
EQR,EQUITY RESIDEN,25.7B,65.28,74.62,14.3%,26,70%,10,E,10.0%,0.9,24.5,38.6,--,4.24%,2.0%,34.1,-12.8,20250630,6k,H
HBAN,HUNTINGTON BAN,25.7B,17.63,19.37,9.9%,22,100%,6,E,9.9%,1.0,13.2,13.2,2.0,3.52%,6.8%,3.7,25.36,20250630,6k,S
FE,FIRSTENERGY CO,25.2B,43.59,46.17,5.9%,17,67%,3,E,3.9%,0.5,19.2,15.1,1.3,4.08%,5.6%,-36.0,2.48,20250630,6.5k,I
CNP,CENTERPOINT EN,25.0B,38.29,40.36,5.4%,18,20%,5,E,1.1%,0.6,26.8,22.0,2.3,2.30%,6.6%,2.6,39.16,20250630,6k,S
FOX,FOX CORPORATIO,24.8B,53.08,--,--,11,55%,11,A,--,0.5,10.8,22.6,--,1.06%,2.4%,-13.3,45.84,20250630,6k,S
FOXA,FOX CORPORATIO,24.8B,58.77,60.69,3.3%,22,50%,4,E,1.6%,0.5,12.0,15.8,--,0.95%,8.7%,-13.3,49.4,20250630,6k,I
NTAP,"NETAPP, INC.",24.8B,124.16,118.29,-4.7%,20,33%,6,E,-1.6%,1.5,22.0,16.4,1.6,1.68%,5.8%,-22.1,7.47,20250731,G
DRI,DARDEN RESTAUR,24.7B,212.16,232.83,9.7%,31,60%,25,E,5.8%,0.7,23.9,20.1,2.0,2.83%,5.0%,46.4,36.61,20250531,6k,S
PPG,PPG INDUSTRIES,24.7B,109.45,127.35,16.4%,25,50%,4,E,8.2%,1.1,19.8,12.4,0.7,2.59%,2.2%,-3.8,-11.95,20250630,5.5k,I
PTC,PTC INC.,24.5B,204.15,224.68,10.1%,20,92%,12,E,9.2%,1.2,48.0,29.2,1.7,--,4.0%,11.7,17.49,20250630,5.5k,H
CBOE,CBOE GLOBAL MA,24.5B,234.09,247.47,5.7%,18,40%,10,E,2.3%,0.5,27.5,25.5,2.1,1.23%,3.0%,7.6,11.07,20250630,6k,S
STE,STERIS PLC,24.4B,247.81,272.38,9.9%,10,100%,3,E,9.9%,1.0,37.9,24.9,1.9,1.02%,0.9%,18.1,2.71,20250630,6k,I
ES,EVERSOURCE ENE,24.3B,65.52,70.21,7.2%,19,--,1,E,0.0,0.7,28.6,13.7,0.9,4.59%,1.9%,398.8,0.44,20250630,5.5k,I
CINF,CINCINNATI FIN,24.3B,155.13,163.33,5.3%,8,100%,3,E,5.3%,0.7,13.5,21.2,--,2.24%,1.2%,-16.5,15.78,20250630,6k,I
IP,INTERNATIONAL ,24.1B,45.57,54.33,19.2%,14,33%,3,E,6.4%,1.0,--,15.2,1.0,4.06%,12.3%,-50.0,-5.21,20250630,5.5k,I
PODD,INSULET CORPOR,24.0B,340.29,358.43,5.3%,25,80%,5,E,4.3%,1.4,104.1,87.9,3.6,--,3.5%,-71.0,45.49,20250630,4.5k,S
RF,REGIONS FINANC,24.0B,26.90,28.79,7.0%,24,67%,9,E,4.7%,1.0,12.6,11.9,2.1,3.94%,5.2%,14.9,25.71,20250630,5.5k,S
STZ,CONSTELLATION ,23.9B,135.42,179.78,32.8%,26,54%,26,E,17.6%,0.7,--,8.9,--,3.01%,4.8%,143.0,-45.45,20250531,7k,S
ULTA,"ULTA BEAUTY, I",23.6B,526.08,574.57,9.2%,28,76%,25,E,7.0%,1.1,20.2,23.0,2.7,--,5.1%,7.7,35.14,20250731,G
DOV,DOVER CORPORAT,23.6B,171.94,212.89,23.8%,20,43%,7,E,10.2%,1.3,22.2,18.3,2.2,1.21%,1.9%,-10.5,-6.94,20250630,5k,S
LDOS,LEIDOS HOLDING,23.4B,182.73,191.89,5.0%,17,75%,4,E,3.8%,0.7,17.2,17.5,--,0.88%,3.0%,7.4,19.28,20250630,6k,I
HUBB,HUBBELL INCORP,23.3B,438.11,456.73,4.2%,15,33%,6,E,1.4%,1.0,28.4,24.7,2.3,1.21%,5.2%,11.3,8.54,20250630,5k,S
TYL,TYLER TECHNOLO,23.3B,539.46,678.78,25.8%,20,50%,2,E,12.9%,0.9,77.0,49.8,2.5,--,3.2%,11.5,-7.9,20250630,6.5k,I
SW,SMURFIT WESTRO,23.2B,44.47,56.69,27.5%,17,57%,7,E,15.7%,1.0,171.0,12.3,0.3,3.87%,4.3%,81.3,-1.63,20250630,6.5k,S
JBL,JABIL INC.,23.2B,216.06,227.50,5.3%,9,90%,10,E,4.8%,1.3,41.2,21.6,--,0.15%,4.7%,60.9,104.77,20250531,5k,S
DG,DOLLAR GENERAL,23.0B,104.52,120.63,15.4%,31,36%,14,E,5.5%,0.3,19.4,16.8,1.7,2.26%,4.3%,109.3,25.14,20250731,6.5k,S
NVR,"NVR, INC.",22.9B,8277.95,8183.33,-1.1%,5,--,2,E,-0.0,0.9,17.5,16.0,--,--,4.0%,-22.3,-12.17,20250630,G
TROW,T. ROWE PRICE ,22.9B,104.17,104.67,0.5%,14,--,10,E,0.0,1.5,11.7,11.1,3.6,4.88%,4.8%,-16.2,3.42,20250630,4k,S
LH,LABCORP HOLDIN,22.9B,275.40,293.76,6.7%,20,100%,7,E,6.7%,0.8,30.4,17.2,0.9,1.05%,4.3%,40.5,23.38,20250630,6k,S
TPR,"TAPESTRY, INC.",22.9B,110.17,117.22,6.4%,21,80%,15,E,5.1%,1.5,134.4,23.1,0.4,1.45%,6.7%,-377.1,159.31,20250630,G
TTD,THE TRADE DESK,22.3B,45.54,73.91,62.3%,40,65%,23,E,40.6%,1.4,54.9,23.6,1.3,--,8.2%,-4.3,-56.78,20250630,6.5k,S
FSLR,"FIRST SOLAR, I",22.2B,207.00,220.83,6.7%,36,100%,11,E,6.7%,1.4,17.7,9.9,0.3,--,11.5%,9.2,-11.28,20250630,G
CHD,CHURCH & DWIGH,22.2B,91.25,100.05,9.6%,24,17%,6,E,1.6%,0.4,43.0,24.5,2.1,1.29%,4.3%,354.3,-12.25,20250630,6k,S
CFG,CITIZENS FINAN,22.1B,51.34,56.45,10.0%,21,88%,8,E,8.7%,1.1,15.7,13.3,--,3.27%,2.9%,14.1,31.43,20250630,5.5k,H
CPAY,"CORPAY, INC.",21.5B,304.86,383.45,25.8%,17,33%,3,E,8.6%,1.0,20.7,13.7,1.0,--,2.6%,2.8,-0.9,20250630,G
EIX,EDISON INTERNA,21.5B,55.86,66.30,18.7%,18,100%,2,E,18.7%,0.8,8.2,9.8,0.7,5.93%,2.5%,-31.0,-31.86,20250630,7k,I
CDW,CDW CORPORATIO,21.4B,163.13,206.80,26.8%,12,25%,4,E,6.7%,1.0,20.3,16.1,--,1.53%,3.2%,-14.3,-25.3,20250630,5.5k,I
DVN,DEVON ENERGY C,21.4B,33.77,45.62,35.1%,29,75%,12,E,26.3%,1.1,7.6,7.6,--,2.84%,2.8%,10.7,-12.43,20250630,7k,B
CMS,CMS ENERGY COR,21.4B,71.58,76.46,6.8%,18,50%,2,E,3.4%,0.4,21.1,20.0,2.6,3.03%,4.8%,-20.6,4.68,20250630,6.5k,I
SBAC,SBA COMMUNICAT,21.3B,198.05,254.47,28.5%,18,50%,8,E,14.2%,0.8,24.3,21.6,1.9,2.24%,2.7%,-12.7,-17.61,20250630,6.5k,S
TPL,TEXAS PACIFIC ,21.2B,923.52,--,--,1,100%,1,A,--,1.2,46.1,12.6,--,0.69%,9.9%,9.0,10.71,20250630,4.5k,I
BIIB,BIOGEN INC.,21.0B,143.32,171.96,20.0%,37,33%,6,E,6.7%,0.1,13.7,8.6,--,--,4.2%,63.4,-28.19,20250630,6.5k,S
KEY,KEYCORP,20.7B,18.84,21.35,13.3%,25,60%,5,E,8.0%,1.1,--,12.1,--,4.35%,4.8%,202.9,21.34,20250630,5.5k,S
GPN,GLOBAL PAYMENT,20.4B,84.16,103.18,22.6%,34,33%,9,E,7.5%,1.0,14.3,6.6,0.6,1.19%,3.3%,-34.1,-23.38,20250630,5.5k,S
GDDY,GODADDY INC.,20.2B,145.55,192.53,32.3%,20,80%,5,E,25.8%,1.0,26.0,21.7,2.3,--,6.0%,4.9,-3.16,20250630,7k,S
DGX,QUEST DIAGNOST,20.2B,180.62,188.19,4.2%,19,--,5,E,0.0,0.5,21.7,18.5,1.5,1.77%,4.3%,24.8,17.76,20250630,6k,S
L,LOEWS CORPORAT,20.1B,96.92,--,--,7,43%,7,A,--,0.7,15.4,33.4,--,0.26%,1.3%,-2.5,23.28,20250630,5.5k,S
ZBH,ZIMMER BIOMET ,20.0B,100.96,110.92,9.9%,30,50%,4,E,4.9%,0.7,24.6,11.7,1.0,0.95%,3.4%,-38.7,-5.15,20250630,6k,I
DLTR,"DOLLAR TREE, I",19.8B,97.26,112.30,15.5%,27,53%,15,E,8.2%,0.9,18.8,16.0,--,--,9.2%,-33.3,35.25,20250731,G
ON,ON SEMICONDUCT,19.7B,48.11,57.53,19.6%,34,39%,18,E,7.6%,1.5,45.8,11.1,1.5,--,14.8%,-57.6,-31.63,20250630,4.5k,S
LII,LENNOX INTERNA,19.4B,551.85,647.12,17.3%,21,56%,9,E,9.6%,1.1,23.6,23.6,1.6,0.94%,5.8%,16.2,-7.8,20250630,5.5k,S
STLD,STEEL DYNAMICS,19.4B,131.58,150.17,14.1%,14,67%,3,E,9.4%,1.4,19.1,13.1,--,1.52%,1.9%,-6.0,20.39,20250630,5k,I
TRMB,TRIMBLE INC.,19.3B,81.01,94.92,17.2%,12,100%,5,E,17.2%,1.7,69.2,27.2,2.5,--,2.6%,119.7,38.69,20250630,5k,B
GPC,GENUINE PARTS ,19.3B,139.04,143.00,2.8%,13,80%,5,E,2.3%,0.8,23.9,16.4,1.6,2.96%,3.2%,12.5,4.5,20250630,5.5k,S
TSN,"TYSON FOODS, I",19.2B,54.00,63.09,16.8%,14,--,1,E,0.0,0.6,24.5,15.4,0.4,3.70%,3.5%,-82.9,-9.68,20250630,G
AMCR,AMCOR PLC,19.1B,8.28,10.91,31.8%,11,75%,4,E,23.8%,0.7,25.9,10.5,0.5,6.16%,3.1%,-120.4,-22.58,20250630,8k,I
PKG,PACKAGING CORP,19.1B,211.81,213.44,0.8%,11,20%,5,E,0.2%,0.9,21.1,18.8,1.6,2.36%,3.0%,1.4,1.14,20250630,5k,S
RL,RALPH LAUREN C,19.1B,315.77,341.74,8.2%,19,100%,12,E,8.2%,1.6,25.3,24.3,2.3,1.16%,4.8%,49.0,76.62,20250630,4.5k,H
NI,NISOURCE INC.,19.1B,40.54,43.91,8.3%,16,50%,2,E,4.2%,0.6,21.6,21.8,2.3,2.76%,3.0%,19.3,21.36,20250630,6k,I
LULU,LULULEMON ATHL,19.0B,159.98,199.20,24.5%,37,31%,29,E,7.6%,1.1,10.9,10.7,0.9,--,7.6%,5.4,-39.7,20250731,5.5k,S
IT,"GARTNER, INC.",18.7B,246.89,300.60,21.8%,11,27%,11,E,5.9%,1.2,15.2,18.7,--,--,4.3%,-42.0,-51.6,20250630,G
FFIV,"F5, INC.",18.6B,324.10,325.82,0.5%,13,22%,9,E,0.1%,1.1,28.6,21.0,1.2,--,4.4%,14.9,51.86,20250630,G
HAL,HALLIBURTON CO,18.6B,21.79,26.65,22.3%,29,45%,11,E,10.1%,1.1,10.2,6.7,11.4,3.12%,4.8%,-17.3,-21.1,20250630,5.5k,S
WST,WEST PHARMACEU,18.5B,257.53,316.36,22.8%,14,100%,3,E,22.8%,1.1,38.6,34.2,3.2,0.34%,2.8%,-3.1,-12.96,20250630,6.5k,I
CTRA,COTERRA ENERGY,18.5B,24.18,33.16,37.1%,26,88%,8,E,32.5%,0.3,11.6,10.4,--,3.64%,4.3%,102.8,9.18,20250630,9k,H
PFG,PRINCIPAL FINA,18.5B,82.95,86.00,3.7%,12,20%,10,E,0.7%,1.0,16.7,9.8,--,3.76%,2.4%,284.6,4.76,20250630,5k,S
ESS,ESSEX PROPERTY,18.3B,264.63,295.31,11.6%,26,18%,11,E,2.1%,0.8,21.3,44.0,--,3.88%,2.8%,86.9,-13.09,20250630,5.5k,S
INVH,INVITATION HOM,18.2B,29.65,36.84,24.3%,24,33%,6,E,8.1%,0.8,33.3,40.1,12.9,3.91%,3.2%,47.9,-16.56,20250630,--,S
TER,"TERADYNE, INC.",18.1B,114.07,116.06,1.7%,17,29%,7,E,0.5%,1.8,39.7,26.8,1.3,0.42%,5.0%,-46.2,-10.45,20250630,G
PNR,PENTAIR PLC,18.1B,110.65,115.37,4.3%,21,80%,10,E,3.4%,1.1,30.2,22.8,1.7,0.90%,2.4%,6.4,20.26,20250630,5k,S
APTV,APTIV PLC,18.0B,82.80,88.00,6.3%,22,73%,15,E,4.6%,1.5,18.7,11.9,1.0,--,2.5%,8.3,20.37,20250630,4.5k,S
GFS,GLOBALFOUNDRIE,17.9B,32.22,39.43,22.4%,19,29%,7,E,6.4%,1.5,--,18.0,--,--,13.9%,28.8,-17.79,20250630,4.5k,S
WY,WEYERHAEUSER C,17.9B,24.82,33.00,33.0%,12,50%,4,E,16.5%,1.1,65.3,28.9,1.3,3.38%,2.6%,210.7,-21.38,20250630,6k,I
WAT,WATERS CORPORA,17.8B,299.04,347.14,16.1%,21,40%,5,E,6.4%,1.1,27.0,23.1,5.0,--,5.1%,-8.9,-9.01,20250630,5.5k,S
GEN,GEN DIGITAL IN,17.7B,28.76,34.64,20.4%,11,33%,6,E,6.8%,1.0,30.0,11.7,0.9,1.74%,3.2%,-16.1,9.9,20250630,5.5k,S
MKC,MCCORMICK & CO,17.7B,65.95,83.86,27.2%,16,20%,5,E,5.4%,0.6,23.0,21.1,2.7,2.73%,--,-21.6,-20.38,20250531,6.5k,S
SNA,SNAP-ON INCORP,17.7B,339.72,350.12,3.1%,11,67%,6,E,2.0%,0.8,18.1,16.9,2.4,2.52%,5.8%,-0.3,23.83,20250630,5.5k,S
DECK,DECKERS OUTDOO,17.6B,118.66,129.61,9.2%,25,56%,18,E,5.1%,1.0,18.2,18.7,2.0,--,7.9%,-42.6,-24.07,20250630,5.5k,S
J,JACOBS SOLUTIO,17.5B,146.74,155.74,6.1%,18,100%,4,E,6.1%,0.8,37.6,22.1,1.9,0.87%,2.0%,38.0,23.66,20250630,6k,I
NWS,NEWS CORPORATI,17.4B,32.85,26.50,-19.3%,10,80%,10,A,-15.5%,1.2,39.1,29.1,--,0.61%,6.7%,-55.5,20.87,20250630,4.5k,S
NWSA,NEWS CORPORATI,17.4B,29.89,37.52,25.5%,10,50%,2,E,12.8%,1.2,35.6,28.2,--,0.67%,2.0%,-55.5,15.38,20250630,5.5k,I
DOW,DOW INC.,17.1B,24.17,28.24,16.8%,20,15%,13,E,2.6%,0.8,--,7.8,--,5.79%,4.0%,-490.2,-48.67,20250630,5.5k,S
MAA,MID-AMERICA AP,16.9B,140.61,159.21,13.2%,26,42%,12,E,5.5%,0.8,28.9,33.9,--,4.31%,4.2%,-6.1,-12.24,20250630,6k,S
LYB,LYONDELLBASELL,16.9B,52.58,61.00,16.0%,21,20%,10,E,3.2%,0.9,111.9,6.1,0.8,10.42%,4.7%,-73.2,-39.35,20250630,5.5k,S
EXPD,EXPEDITORS INT,16.9B,124.18,113.33,-8.7%,17,--,5,E,-0.0,1.1,20.3,23.1,4.9,1.24%,5.8%,-20.0,3.89,20250630,5k,S
ERIE,ERIE INDEMNITY,16.8B,321.81,--,--,1,100%,1,A,--,0.3,27.0,24.0,--,1.70%,7.3%,9.3,-38.23,20250630,6k,I
EVRG,"EVERGY, INC.",16.6B,72.21,75.60,4.7%,14,100%,2,E,4.7%,0.6,19.8,17.9,2.9,3.70%,6.8%,-63.2,21.21,20250630,G
LNT,ALLIANT ENERGY,16.6B,64.73,68.50,5.8%,13,60%,5,E,3.5%,0.5,20.0,20.0,1.9,3.14%,5.8%,-41.0,10.54,20250630,6.5k,S
LUV,SOUTHWEST AIRL,16.5B,31.43,32.51,3.4%,24,--,6,E,0.0,1.2,49.1,19.8,0.2,2.29%,7.8%,217.9,12.63,20250630,4.5k,S
IFF,INTERNATIONAL ,16.5B,64.37,84.28,30.9%,22,60%,5,E,18.6%,1.1,--,14.0,0.8,2.49%,2.4%,937.3,-36.7,20250630,--,S
FTV,FORTIVE CORPOR,16.4B,48.56,57.12,17.6%,20,40%,10,E,7.1%,1.1,21.9,11.6,1.0,0.49%,3.0%,-24.8,-12.3,20250630,5.5k,S
ZBRA,ZEBRA TECHNOLO,16.3B,320.91,364.67,13.6%,18,33%,6,E,4.5%,1.8,30.3,20.0,1.1,--,2.3%,-18.2,-6.66,20250630,4.5k,S
INCY,INCYTE CORPORA,16.2B,83.14,81.55,-1.9%,27,36%,11,E,-0.7%,0.8,19.7,13.5,0.1,--,5.4%,280.4,25.19,20250630,--,S
BG,BUNGE GLOBAL S,16.1B,80.30,89.78,11.8%,9,--,1,E,0.0,0.6,8.1,8.6,--,3.49%,3.6%,60.2,-14.56,20250630,6k,I
CNC,CENTENE CORPOR,16.0B,32.64,33.94,4.0%,20,29%,24,E,1.2%,0.4,7.9,4.6,1.0,--,4.5%,-135.5,-57.37,20250630,6k,S
CHRW,C.H. ROBINSON ,15.7B,133.27,117.56,-11.8%,27,90%,10,E,-10.6%,0.9,30.3,28.0,2.6,1.86%,6.6%,56.8,36.03,20250630,5k,S
BBY,"BEST BUY CO., ",15.7B,74.55,79.76,7.0%,29,42%,12,E,2.9%,1.2,20.5,10.9,1.1,5.10%,9.7%,-31.9,-20.94,20250731,G
BLDR,BUILDERS FIRST,15.5B,140.17,140.32,0.1%,20,25%,8,E,0.0%,1.6,21.2,12.0,--,--,8.7%,-35.0,-25.3,20250630,4k,S
MAS,MASCO CORPORAT,15.4B,73.46,75.72,3.1%,23,43%,7,E,1.3%,1.2,19.5,16.6,1.7,1.69%,3.2%,61.7,-7.79,20250630,4.5k,S
DPZ,DOMINO'S PIZZA,15.3B,449.95,508.93,13.1%,33,50%,10,E,6.6%,1.1,26.1,25.5,2.4,1.55%,8.7%,-10.8,11.69,20250630,5.5k,S
ALLE,ALLEGION PLC,15.1B,176.20,174.64,-0.9%,13,11%,9,E,-0.1%,1.1,24.4,22.6,2.0,1.16%,3.5%,-8.3,25.28,20250630,5k,S
KIM,KIMCO REALTY C,15.1B,22.34,24.53,9.8%,23,67%,6,E,6.5%,1.3,27.2,31.9,--,4.48%,3.6%,19.9,-2.9,20250630,5k,H
CLX,THE CLOROX COM,15.0B,122.82,133.59,8.8%,21,--,9,E,0.0,0.5,18.8,16.8,3.5,4.04%,6.5%,235.4,-23.42,20250630,6k,S
OMC,OMNICOM GROUP ,14.9B,76.85,96.33,25.4%,11,50%,2,E,12.7%,1.0,11.0,8.9,1.2,3.64%,16.8%,-33.2,-20.73,20250630,6k,I
TXT,TEXTRON INC.,14.7B,82.23,92.57,12.6%,18,40%,5,E,5.0%,1.1,18.5,12.3,0.9,0.10%,2.6%,9.9,-6.81,20250630,5k,S
ARE,ALEXANDRIA REA,14.6B,85.57,97.50,13.9%,13,50%,2,E,7.0%,1.3,--,24.9,--,6.17%,5.9%,-163.7,-27.4,20250630,5k,I
EG,"EVEREST GROUP,",14.3B,339.84,386.33,13.7%,13,38%,8,E,5.1%,0.5,17.8,5.1,--,2.35%,2.2%,33.6,-11.27,20250630,G
HOLX,"HOLOGIC, INC.",14.2B,63.80,73.87,15.8%,21,50%,6,E,7.9%,0.6,26.5,13.5,1.4,--,1.8%,9.1,-22.85,20250630,G
UDR,"UDR, INC.",14.2B,37.76,44.17,17.0%,23,70%,10,E,11.9%,0.9,96.8,80.3,--,4.56%,3.6%,66.7,-16.23,20250630,G
CF,CF INDUSTRIES ,13.8B,85.35,93.65,9.7%,21,33%,9,E,3.2%,0.9,11.2,13.8,0.5,2.34%,8.0%,39.9,9.62,20250630,5.5k,S
BXP,"BXP, INC.",13.8B,77.81,78.22,0.5%,22,33%,15,E,0.2%,1.2,3890.5,41.6,0.4,3.60%,8.7%,6.4,0.82,20250630,G
HRL,HORMEL FOODS C,13.6B,24.73,28.75,16.3%,12,80%,5,E,13.0%,0.3,18.1,14.6,3.0,4.69%,4.3%,-16.6,-21.04,20250731,7.5k,H
BALL,BALL CORPORATI,13.6B,49.91,64.77,29.8%,16,43%,7,E,12.8%,1.1,24.7,14.1,--,1.60%,2.7%,11.0,-24.41,20250630,6k,S
JBHT,J.B. HUNT TRAN,13.2B,136.35,158.62,16.3%,27,50%,14,E,8.2%,1.3,24.8,19.0,1.5,1.29%,4.1%,-15.4,-17.63,20250630,5k,S
FDS,FACTSET RESEAR,13.0B,344.43,422.19,22.6%,21,--,10,E,0.0,0.8,24.9,18.4,1.8,1.28%,6.3%,66.0,-23.39,20250531,5.5k,S
REG,REGENCY CENTER,13.0B,70.97,79.80,12.4%,20,45%,11,E,5.7%,1.1,33.2,33.8,2.7,3.97%,4.2%,4.5,-1.35,20250630,5.5k,S
COO,THE COOPER COM,13.0B,65.48,84.47,29.0%,18,62%,8,E,18.1%,1.0,32.1,16.0,1.1,--,3.4%,-16.3,-41.13,20250731,6.5k,H
BF-B,BROWN-FORMAN C,13.0B,27.36,31.26,14.3%,21,25%,8,E,3.6%,0.5,15.3,14.4,3.9,3.31%,10.7%,-34.1,-39.69,20250731,6.5k,S
AVY,AVERY DENNISON,12.9B,164.85,195.25,18.4%,14,60%,5,E,11.1%,0.9,18.5,15.7,1.8,2.28%,2.3%,4.0,-23.92,20250630,6k,S
WYNN,"WYNN RESORTS, ",12.8B,122.85,128.97,5.0%,18,83%,12,E,4.2%,1.4,36.3,24.5,7.2,0.81%,6.7%,306.6,57.21,20250630,G
SOLV,SOLVENTUM CORP,12.7B,73.21,86.25,17.8%,12,50%,6,E,8.9%,--,33.6,13.2,--,--,3.1%,-26.2,1.98,20250630,5.5k,S
NDSN,NORDSON CORPOR,12.7B,225.92,256.30,13.4%,12,50%,2,E,6.7%,0.9,28.4,21.7,1.7,1.45%,2.7%,3.0,-9.5,20250731,6k,I
DOC,HEALTHPEAK PRO,12.7B,18.25,21.38,17.2%,19,50%,6,E,8.6%,1.0,76.0,73.0,--,6.69%,3.3%,-63.1,-13.72,20250630,5.5k,S
BEN,FRANKLIN RESOU,12.6B,24.36,25.00,2.6%,11,--,8,E,0.0,1.5,47.8,9.4,0.4,5.25%,8.9%,209.0,28.76,20250630,4k,S
PAYC,PAYCOM SOFTWAR,12.3B,218.20,248.73,14.0%,19,25%,4,E,3.5%,0.8,29.4,25.0,2.0,0.69%,5.6%,22.1,29.88,20250630,5.5k,I
HST,HOST HOTELS & ,12.3B,17.66,18.56,5.1%,18,80%,5,E,4.1%,1.4,18.8,18.2,2.2,4.53%,9.1%,169.5,6.86,20250630,4.5k,S
SWK,STANLEY BLACK ,12.2B,78.56,86.83,10.5%,20,20%,5,E,2.1%,1.2,24.9,14.3,--,4.23%,4.7%,11.9,-20.05,20250630,5k,S
BAX,BAXTER INTERNA,12.2B,23.80,29.00,21.8%,18,29%,7,E,6.2%,0.6,--,8.3,--,2.86%,6.8%,114.0,-39.54,20250630,6.5k,S
POOL,POOL CORPORATI,12.1B,324.78,333.27,2.6%,13,33%,3,E,0.9%,1.1,29.9,27.0,--,1.54%,10.3%,54.5,-8.06,20250630,5k,I
IEX,IDEX CORPORATI,12.1B,161.16,194.51,20.7%,14,83%,6,E,17.2%,1.0,26.1,18.9,1.5,1.76%,3.1%,10.5,-19.36,20250630,--,H
UHS,UNIVERSAL HEAL,12.1B,189.58,218.31,15.2%,19,29%,7,E,4.3%,1.3,10.0,10.4,--,0.42%,6.1%,36.5,-18.98,20250630,4.5k,S
NCLH,NORWEGIAN CRUI,11.8B,26.01,30.93,18.9%,24,64%,14,E,12.2%,2.2,17.8,12.4,0.5,--,7.2%,-93.7,31.03,20250630,5k,S
CPT,CAMDEN PROPERT,11.6B,108.37,122.99,13.5%,25,36%,14,E,4.8%,0.8,75.8,66.9,--,3.88%,3.5%,2018.9,-10.17,20250630,6k,S
JKHY,JACK HENRY & A,11.5B,158.43,185.09,16.8%,19,33%,6,E,5.6%,0.8,25.4,25.1,2.4,1.46%,3.8%,7.1,-9.34,20250630,6k,S
GL,GLOBE LIFE INC,11.5B,142.43,160.18,12.5%,10,73%,11,E,9.1%,0.6,11.4,10.5,--,0.76%,2.4%,-16.6,35.29,20250630,6.5k,H
VTRS,VIATRIS INC.,11.2B,9.60,11.43,19.0%,10,30%,10,A,5.7%,0.9,--,3.6,0.1,5.00%,4.0%,-104.9,-14.79,20250630,5.5k,S
AKAM,AKAMAI TECHNOL,11.0B,76.46,95.20,24.5%,25,50%,4,E,12.3%,0.8,27.0,11.4,0.7,--,9.8%,78.9,-22.99,20250630,6.5k,I
DAY,DAYFORCE INC,10.9B,68.91,70.17,1.8%,18,9%,11,E,0.2%,1.1,229.7,31.2,--,--,5.5%,965.0,15.62,20250630,5k,S
GNRC,GENERAC HOLDIN,10.9B,185.71,205.88,10.9%,23,42%,12,E,4.5%,1.6,30.8,22.6,1.4,--,5.4%,-34.9,31.29,20250630,4.5k,S
SJM,THE J. M. SMUC,10.9B,102.24,116.19,13.6%,19,55%,11,E,7.4%,0.3,--,9.7,--,4.30%,5.1%,-79.2,-12.0,20250731,6.5k,S
SWKS,SKYWORKS SOLUT,10.8B,72.87,72.47,-0.5%,27,--,5,E,-0.0,1.2,29.0,11.4,1.8,3.90%,11.7%,73.6,-22.18,20250630,4.5k,S
MOS,THE MOSAIC COM,10.8B,34.05,40.17,18.0%,20,75%,8,E,13.5%,1.0,11.5,13.8,0.9,2.58%,4.1%,236.1,37.95,20250630,6k,H
HII,HUNTINGTON ING,10.7B,273.02,291.91,6.9%,13,33%,3,E,2.3%,0.4,20.4,17.4,1.0,1.98%,4.7%,50.5,5.61,20250630,6k,I
HAS,"HASBRO, INC.",10.7B,76.00,88.33,16.2%,14,88%,8,E,14.2%,0.6,--,17.2,1.4,3.68%,3.4%,-483.4,13.49,20250630,G
AIZ,"ASSURANT, INC.",10.5B,208.49,241.00,15.6%,6,50%,4,E,7.8%,0.5,15.1,11.6,--,1.53%,2.6%,75.9,9.7,20250630,G
PNW,PINNACLE WEST ,10.4B,87.42,94.92,8.6%,17,17%,6,E,1.4%,0.4,18.0,18.7,4.0,4.10%,6.5%,-51.2,-0.34,20250630,6k,S
AOS,A. O. SMITH CO,10.3B,73.25,79.83,9.0%,16,60%,5,E,5.4%,1.2,20.4,18.0,1.8,1.86%,2.5%,26.7,-8.58,20250630,5k,S
IVZ,INVESCO LTD.,9.96B,22.34,22.67,1.5%,14,14%,7,E,0.2%,1.6,24.0,11.8,0.5,3.76%,5.1%,78.1,43.98,20250630,--,S
CPB,THE CAMPBELL'S,9.80B,32.87,34.28,4.3%,22,12%,8,E,0.5%,0.1,16.4,9.6,0.7,4.75%,13.6%,2300.0,-33.69,20250731,6k,S
RVTY,"REVVITY, INC.",9.75B,84.00,116.50,38.7%,19,67%,3,E,25.8%,0.9,36.5,16.3,0.5,0.33%,7.6%,-40.9,-31.41,20250630,G
MGM,MGM RESORTS IN,9.70B,35.64,47.75,34.0%,22,47%,15,E,15.9%,1.7,19.5,15.5,1.6,--,14.3%,-73.5,-2.2,20250630,5k,S
IPG,THE INTERPUBLI,9.63B,26.29,32.64,24.1%,10,50%,2,E,12.1%,1.1,22.3,9.6,0.9,5.02%,8.2%,708.5,-11.41,20250630,--,I
MOH,MOLINA HEALTHC,9.55B,176.11,196.71,11.7%,17,36%,14,E,4.2%,0.5,8.7,6.8,--,--,7.1%,-21.8,-51.18,20250630,6.5k,S
ALB,ALBEMARLE CORP,9.54B,81.04,85.97,6.1%,26,9%,11,E,0.6%,1.7,--,44.0,4.2,2.00%,16.3%,102.1,-7.33,20250630,4k,S
ALGN,ALIGN TECHNOLO,9.50B,131.06,186.36,42.2%,18,80%,5,E,33.8%,1.7,22.1,12.8,0.8,--,3.9%,7.5,-47.48,20250630,6k,H
BWA,BORGWARNER INC,9.49B,43.87,43.93,0.1%,18,75%,12,E,0.1%,1.1,41.4,9.4,--,1.55%,3.7%,-7.4,38.19,20250630,5k,S
TAP,MOLSON COORS B,9.47B,47.82,54.48,13.9%,23,31%,13,E,4.3%,0.7,9.4,8.1,8.2,3.93%,11.2%,114.6,-10.92,20250630,6k,S
DVA,DAVITA INC.,9.36B,130.95,153.50,17.2%,10,--,2,E,0.0,1.1,12.9,11.6,1.5,--,18.3%,-7.2,-20.73,20250630,5k,I
MRNA,"MODERNA, INC.",9.29B,23.88,44.25,85.3%,26,--,3,E,0.0,1.9,--,-2.7,--,--,21.3%,-6446.2,-65.48,20250630,G
AES,THE AES CORPOR,9.28B,13.03,13.83,6.2%,14,100%,3,E,6.2%,0.9,10.0,6.4,--,5.40%,4.8%,-118.7,-27.4,20250630,5.5k,I
KMX,"CARMAX, INC.",9.07B,60.42,81.00,34.1%,19,73%,11,E,24.8%,1.4,16.7,16.0,0.6,--,11.3%,58.4,-23.56,20250531,G
MTCH,"MATCH GROUP, I",9.02B,37.47,38.47,2.7%,23,25%,4,E,0.7%,1.4,18.5,15.1,0.4,2.03%,4.8%,-8.1,8.42,20250630,G
CAG,CONAGRA BRANDS,8.94B,18.67,20.93,12.1%,19,--,13,E,0.0,0.1,7.8,6.9,11.8,7.50%,6.8%,-45.2,-39.29,20250531,6k,S
FRT,FEDERAL REALTY,8.77B,101.08,110.45,9.3%,16,56%,9,E,5.1%,1.2,25.6,32.9,3.6,4.47%,2.5%,155.8,-10.03,20250630,5k,S
EPAM,"EPAM SYSTEMS, ",8.61B,154.55,211.12,36.6%,20,50%,2,E,18.3%,1.7,22.0,13.8,1.4,--,4.3%,-35.4,-24.78,20250630,G
MHK,MOHAWK INDUSTR,8.52B,137.08,137.19,0.1%,18,29%,7,E,0.0%,1.3,18.2,12.3,--,--,5.4%,-9.6,-12.03,20250630,4.5k,S
HSIC,"HENRY SCHEIN, ",8.34B,68.81,73.23,6.4%,16,38%,8,E,2.4%,0.9,22.1,13.2,1.6,--,8.2%,-13.1,-1.52,20250630,G
APA,APA CORPORATIO,8.20B,22.91,23.89,4.3%,29,11%,19,E,0.4%,1.3,7.9,8.3,--,4.36%,13.3%,370.4,-1.41,20250630,4.5k,S
LKQ,LKQ CORPORATIO,8.12B,31.55,43.42,37.6%,7,100%,2,E,37.6%,0.9,11.5,8.7,1.1,3.80%,4.3%,0.5,-19.46,20250630,8k,I
TECH,BIO-TECHNE COR,8.03B,51.62,66.23,28.3%,16,80%,5,E,22.6%,1.5,112.2,23.6,0.7,0.62%,3.8%,-152.6,-30.58,20250630,5.5k,H
LW,LAMB WESTON HO,7.82B,56.09,63.73,13.6%,12,75%,4,E,10.2%,0.5,22.4,11.3,2.5,2.64%,4.0%,-5.9,-11.26,20250531,7k,I
CRL,CHARLES RIVER ,7.49B,152.24,177.73,16.7%,19,67%,6,E,11.2%,1.5,--,14.8,0.1,--,6.2%,-23.8,-25.27,20250630,4.5k,H
EMN,EASTMAN CHEMIC,7.48B,65.15,76.24,17.0%,18,89%,9,E,15.1%,1.3,9.2,7.5,3.2,5.10%,3.0%,-22.2,-35.61,20250630,5.5k,H
PARA,PARAMOUNT SKYD,6.99B,11.04,12.09,9.5%,25,--,5,E,0.0,1.2,368.0,7.8,1.0,0.02%,12.7%,1525.0,81.12,20250630,4.5k,S
MKTX,MARKETAXESS HO,6.79B,181.68,218.83,20.4%,16,43%,7,E,8.8%,0.9,30.6,22.1,2.5,1.67%,3.7%,-0.4,-28.85,20250630,6k,S
TFX,TELEFLEX INCOR,5.56B,125.89,132.62,5.3%,14,--,5,E,0.0,1.1,29.3,8.2,0.2,1.08%,3.4%,10.5,-48.33,20250630,5k,S
CZR,CAESARS ENTERT,5.39B,25.90,40.88,57.8%,17,73%,11,E,42.1%,2.2,--,19.3,--,--,14.8%,-811.1,-34.31,20250630,6k,S
ENPH,ENPHASE ENERGY,4.97B,37.98,42.79,12.7%,35,20%,15,E,2.5%,1.5,29.4,10.4,0.6,--,26.9%,-19.0,-65.93,20250630,2k,S
CE,CELANESE CORPO,4.90B,44.78,54.69,22.1%,17,40%,15,E,8.8%,1.1,--,4.7,--,0.27%,8.2%,77.1,-63.56,20250630,3k,S
FMC,FMC CORPORATIO,4.70B,37.64,48.94,30.0%,21,38%,8,E,11.3%,0.8,36.2,8.1,0.5,6.16%,6.9%,-34.3,-37.65,20250630,3k,S
DFS,,--,--,--,--,--,--,--,,--,--,--,--,--,--,--,--,--,20250423,--,I
JNPR,,--,--,--,--,--,--,--,,--,--,--,--,--,--,--,--,--,20250501,--,I
WBA,WALGREENS BOOT,--,11.98,12.11,1.1%,14,14%,14,A,0.2%,0.8,--,7.8,--,0.08%,3.6%,94.2,36.85,20250531,--,S
NTRS,NORTHERN TRUST,24.8B,130.26,124.25,-4.6%,15,--,11,E,-0.0,1.3,15.3,17.0,6.7,2.46%,1.7%,-9.4,49.25,20250630,4.5k,S
DASH,"DOORDASH, INC.",110B,258.09,294.19,14.0%,39,64%,33,E,8.9%,1.7,141.0,145.0,0.6,--,3.3%,75.9,97.21,20250630,V
GS,THE GOLDMAN SA,238B,786.76,710.58,-9.7%,24,29%,7,E,-2.8%,1.4,17.3,18.9,3.0,2.03%,1.9%,24.5,65.47,20250630,8.5k,S
LVS,LAS VEGAS SAND,36.4B,53.09,59.90,12.8%,19,40%,15,E,5.1%,1.0,26.8,19.3,0.9,1.88%,4.4%,67.6,34.67,20250630,5.5k,S
