#,Ticker,Price,DCF Price,DCF Diff %,Target Price,Target Diff %,# Targets,Consensus Rating,# Ratings,Expected Return,Financial Score,Piotroski Score,PE ratio,PEG ratio,Insiders,Institutional Change,Senate Change
1,MSFT,425.27,334.56,-21.3,500.00,17.6,17,96,24,16.87,3,7,36.7,2.62,-,-1.51%,30
2,MSFT,425.27,334.56,-21.3,500.00,17.6,17,96,24,16.87,3,7,36.7,2.62,-,-1.51%,30
3,MSFT,425.27,334.56,-21.3,500.00,17.6,17,96,24,16.87,3,7,36.7,2.62,-,-1.51%,30
4,WMT,69.78,46.24,-33.7,71.00,1.8,27,94,33,1.65,3,8,29.7,5.42,-,0.21%,-
5,WMT,69.78,46.24,-33.7,71.00,1.8,27,94,33,1.65,3,8,29.7,5.42,-,0.21%,-
6,AMZN,182.50,53.56,-70.7,220.00,20.6,19,93,27,19.11,3,7,50.3,2.50,-,2.06%,50
7,AMZN,182.50,53.56,-70.7,220.00,20.6,19,93,27,19.11,3,7,50.3,2.50,-,2.06%,50
8,AMZN,182.50,53.56,-70.7,220.00,20.6,19,93,27,19.11,3,7,50.3,2.50,-,2.06%,50
9,INTU,633.36,570.76,-9.9,715.00,12.9,8,93,13,11.99,3,7,57.7,2.76,-,-3.21%,0
10,INTU,633.36,570.76,-9.9,715.00,12.9,8,93,13,11.99,3,7,57.7,2.76,-,-3.21%,0
11,NVDA,113.06,59.08,-47.8,126.90,12.2,32,92,35,11.26,3,8,65.3,0.11,-,89.29%,50
12,NVDA,113.06,59.08,-47.8,126.90,12.2,32,92,35,11.26,3,8,65.3,0.11,-,89.29%,50
13,TTD,92.43,35.13,-62.0,110.00,19.0,10,91,21,17.30,2,8,224.4,7.19,0.33,-3.20%,-
14,AVGO,151.63,-,-,1900.00,1153.0,19,90,19,1037.74,4,4,6.9,0.56,0.62,1.39%,100
15,AVGO,151.63,-,-,1900.00,1153.0,19,90,19,1037.74,4,4,6.9,0.56,0.62,1.39%,100
16,MU,109.41,-6.71,-106.1,159.00,45.3,8,90,8,40.79,2,5,-78.7,0.47,-,-2.14%,-
17,MU,109.41,-6.71,-106.1,159.00,45.3,8,90,8,40.79,2,5,-78.7,0.47,-,-2.14%,-
18,HAL,34.40,14.81,-57.0,46.00,33.7,7,90,8,30.35,3,7,11.3,2.75,-,1.13%,-
19,FI,159.94,186.25,16.4,186.00,16.3,6,90,8,14.66,3,6,27.0,1.50,0.25,-,-
20,NOW,827.61,719.91,-13.0,860.00,3.9,9,90,8,3.52,3,6,148.5,5.51,0.50,6.93%,-
21,NI,31.33,-,-,31.00,-1.1,1,90,8,-0.94,3,6,18.8,9.35,-,-1.79%,-
22,BIIB,211.17,335.01,58.6,307.00,45.4,13,89,17,40.39,4,5,26.3,-0.43,0.40,-14.17%,-
23,BIIB,211.17,335.01,58.6,307.00,45.4,13,89,17,40.39,4,5,26.3,-0.43,0.40,-14.17%,-
24,LYV,93.64,-,-,121.50,29.8,4,89,7,26.48,2,6,41.3,1.08,0.50,-20.41%,-
25,TDG,1234.86,165.28,-86.6,1470.00,19.0,4,89,7,16.95,2,6,49.2,7.52,0.06,-1.46%,-
26,CI,343.64,921.56,168.2,400.00,16.4,6,89,7,14.60,2,8,43.7,7.08,-,1.27%,-
27,BBY,87.35,92.56,6.0,90.00,3.0,5,89,7,2.70,3,8,15.2,54.14,-,18.43%,-
28,TRGP,131.57,-9.89,-107.5,134.00,1.9,4,89,7,1.65,2,6,26.1,1.12,0.50,-3.50%,-
29,SNPS,546.38,325.45,-40.4,655.50,20.0,6,88,6,17.57,3,6,58.6,3.93,0.47,-1.55%,-
30,SNPS,546.38,325.45,-40.4,655.50,20.0,6,88,6,17.57,3,6,58.6,3.93,0.47,-1.55%,-
31,DPZ,417.45,272.76,-34.7,500.00,19.8,5,88,6,17.40,2,8,25.4,4.53,-,4.34%,-
32,STZ,253.48,188.26,-25.7,300.00,18.4,3,88,6,16.15,3,9,18.8,4.13,2.24,1.05%,-
33,MA,438.18,247.19,-43.6,513.50,17.2,6,88,15,15.13,3,7,34.5,3.09,0.27,1.17%,-
34,ALL,169.17,-,-,191.00,12.9,1,88,6,11.35,3,7,32.9,5.09,-,-4.59%,-
35,KMX,83.02,-,-,87.00,4.8,5,88,6,4.22,2,6,32.3,2.94,0.78,2.55%,-
36,PDD,130.80,166.47,27.3,196.50,50.2,6,86,12,43.20,4,7,16.3,2.28,-,6.38%,-
37,UBER,64.40,-,-,88.00,36.6,7,86,20,31.52,1,6,96.3,2.85,0.56,4.30%,100
38,DHI,176.94,89.52,-49.4,210.00,18.7,3,86,5,16.06,4,6,11.7,0.59,0.58,8.32%,-
39,MDLZ,66.42,112.66,69.6,78.00,17.4,2,86,5,14.99,3,9,20.9,2.40,11.00,-10.76%,-
40,MDLZ,66.42,112.66,69.6,78.00,17.4,2,86,5,14.99,3,9,20.9,2.40,11.00,-10.76%,-
41,EMR,116.84,35.88,-69.3,135.00,15.5,7,86,5,13.36,2,4,6.2,0.02,1.00,-0.59%,100
42,HWM,82.68,-2.07,-102.5,90.00,8.8,5,86,5,7.61,2,7,39.4,0.60,1.73,-3.03%,-
43,ANET,319.21,270.26,-15.3,344.50,7.9,6,85,11,6.73,4,6,43.7,1.65,0.12,-3.16%,0
44,META,465.70,483.44,3.8,542.50,16.5,24,84,29,13.85,3,8,25.9,1.41,-,-0.98%,33
45,META,465.70,483.44,3.8,542.50,16.5,24,84,29,13.85,3,8,25.9,1.41,-,-0.98%,33
46,DXCM,64.00,37.35,-41.6,102.50,60.2,4,83,4,49.93,3,7,38.3,1.52,0.70,3.47%,-
47,DXCM,64.00,37.35,-41.6,102.50,60.2,4,83,4,49.93,3,7,38.3,1.52,0.70,3.47%,-
48,SLB,48.83,27.56,-43.5,69.50,42.3,2,83,4,35.13,3,7,15.8,6.78,-,3.51%,-
49,KR,54.27,82.05,51.2,72.00,32.7,3,83,10,27.12,4,6,18.3,3.46,4.00,3.93%,-
50,XYL,140.84,83.43,-40.8,155.00,10.1,5,83,4,8.34,2,4,51.4,5.25,0.71,-7.24%,-
51,REGN,1078.63,2552.41,136.6,1181.00,9.5,12,83,16,7.88,4,5,30.1,3.00,0.05,-1.96%,-
52,REGN,1078.63,2552.41,136.6,1181.00,9.5,12,83,16,7.88,4,5,30.1,3.00,0.05,-1.96%,-
53,MET,76.00,207.31,172.8,82.00,7.9,3,83,4,6.55,2,5,23.2,-0.61,-,1.12%,-
54,ISRG,441.30,106.16,-75.9,475.00,7.6,5,83,4,6.34,3,5,74.8,5.78,0.50,-2.46%,-
55,ISRG,441.30,106.16,-75.9,475.00,7.6,5,83,4,6.34,3,5,74.8,5.78,0.50,-2.46%,-
56,HOLX,78.63,111.62,42.0,76.00,-3.3,3,83,4,-2.77,3,7,39.8,5.21,0.50,-8.98%,-
57,GE,169.81,21.42,-87.4,-,-,0,83,4,-,2,7,39.8,0.03,1.31,-0.05%,-
58,DD,80.18,-5.87,-107.3,98.00,22.2,6,82,9,18.22,3,7,95.5,-1.71,1.21,5.96%,-
59,UNH,569.72,921.22,61.7,620.00,8.8,4,82,9,7.24,2,7,37.2,3.22,2.75,4.72%,-
60,UNH,569.72,921.22,61.7,620.00,8.8,4,82,9,7.24,2,7,37.2,3.22,2.75,4.72%,-
61,MRVL,65.72,31.42,-52.2,90.50,37.7,8,81,14,30.55,2,4,-58.0,-2.70,0.46,15.78%,-
62,TT,329.71,105.97,-67.9,330.00,0.1,5,81,19,0.07,3,8,34.8,11.41,-,-0.59%,100
63,COP,110.86,245.88,121.8,160.00,44.3,5,80,3,35.46,3,5,12.3,0.49,3.00,-2.19%,-
64,LVS,39.18,-,-,55.00,40.4,4,80,3,32.30,1,7,18.0,1.10,1.43,8.97%,-
65,MGM,41.84,-,-,55.50,32.6,4,80,8,26.12,2,7,15.0,0.70,1.05,-4.36%,-
66,CTVA,55.39,43.22,-22.0,65.00,17.4,6,80,8,13.88,3,6,69.4,12.08,1.55,14.70%,-
67,GD,290.40,240.52,-17.2,339.50,16.9,2,80,3,13.53,3,5,22.5,11.94,0.24,-1.64%,-
68,UNP,240.36,168.59,-29.9,280.00,16.5,1,80,3,13.19,3,7,22.6,7.13,-,-0.66%,-
69,PWR,256.73,171.17,-33.3,286.00,11.4,3,80,3,9.12,2,6,48.8,3.14,0.35,-3.98%,-
70,TMO,607.14,915.70,50.8,660.00,8.7,1,80,3,6.97,3,6,37.2,2.58,0.22,-0.02%,-
71,ORLY,1110.31,1302.04,17.3,1204.00,8.4,3,80,3,6.75,2,6,27.5,2.34,-,-0.03%,-
72,ORLY,1110.31,1302.04,17.3,1204.00,8.4,3,80,3,6.75,2,6,27.5,2.34,-,-0.03%,-
73,TYL,590.65,467.52,-20.9,625.00,5.8,3,80,3,4.66,3,7,120.9,7.21,-,18.19%,-
74,AZO,3090.31,4893.02,58.3,3264.00,5.6,8,80,8,4.50,2,8,20.3,1.99,-,19.80%,-
75,MSI,393.71,277.01,-29.6,397.50,1.0,2,80,3,0.77,1,8,47.0,7.46,0.69,7.93%,-
76,MRNA,122.11,-72.59,-159.4,153.00,25.3,12,79,17,19.99,1,3,-7.8,-0.22,0.06,-3.03%,-
77,MRNA,122.11,-72.59,-159.4,153.00,25.3,12,79,17,19.99,1,3,-7.8,-0.22,0.06,-3.03%,-
78,LLY,804.62,318.54,-60.4,925.00,15.0,13,79,17,11.82,3,7,118.1,10.34,-,-1.44%,0
79,GOOGL,167.00,206.46,23.6,207.00,23.9,4,78,7,18.68,4,8,23.5,1.30,0.60,-1.51%,-
80,GOOGL,167.00,206.46,23.6,207.00,23.9,4,78,7,18.68,4,8,23.5,1.30,0.60,-1.51%,-
81,FSLR,226.74,-48.43,-121.4,274.00,20.8,19,78,30,16.26,3,5,23.7,7.49,-,-12.78%,-
82,ADBE,542.44,460.41,-15.1,640.00,18.0,9,78,16,14.03,3,7,48.0,3.22,0.46,-1.53%,0
83,ADBE,542.44,460.41,-15.1,640.00,18.0,9,78,16,14.03,3,7,48.0,3.22,0.46,-1.53%,0
84,SYY,72.85,48.82,-33.0,85.00,16.7,8,78,7,13.01,3,7,17.5,2.34,1.50,-0.04%,-
85,AKAM,96.97,204.43,110.8,113.00,16.5,6,78,7,12.89,3,6,23.5,3.28,1.38,-17.99%,-
86,EQIX,772.43,-46.39,-106.0,875.00,13.3,5,78,7,10.36,2,6,77.7,7.64,1.00,-13.28%,-
87,PNR,88.50,46.45,-47.5,97.00,9.6,3,78,7,7.49,3,7,22.3,2.49,0.60,-27.05%,-
88,PG,169.11,239.13,41.4,176.00,4.1,7,78,7,3.17,3,7,26.4,5.35,-,-1.47%,100
89,PG,169.11,239.13,41.4,176.00,4.1,7,78,7,3.17,3,7,26.4,5.35,-,-1.47%,100
90,ACGL,96.91,-,-,110.00,13.5,4,77,11,10.40,4,6,7.4,0.39,-,-7.58%,-
91,TMUS,175.53,-,-,195.00,11.1,4,77,11,8.54,2,8,23.8,1.42,-,1.71%,100
92,TMUS,175.53,-,-,195.00,11.1,4,77,11,8.54,2,8,23.8,1.42,-,1.71%,100
93,KKR,118.51,-,-,120.00,1.3,5,77,11,0.97,2,5,25.7,0.76,-,12.24%,100
94,AMD,139.99,67.10,-52.1,200.00,42.9,10,76,19,32.58,3,7,202.8,5.30,0.40,2.03%,75
95,AMD,139.99,67.10,-52.1,200.00,42.9,10,76,19,32.58,3,7,202.8,5.30,0.40,2.03%,75
96,BBWI,34.17,67.45,97.4,57.50,68.3,2,75,6,51.21,2,7,8.7,0.97,1.15,-3.28%,-
97,VST,71.12,57.56,-19.1,113.00,58.9,4,75,6,44.17,1,5,32.7,5.50,-,-32.08%,-
98,DASH,104.74,-,-,155.00,48.0,3,75,6,35.99,1,3,-101.1,-1.65,0.22,2.91%,-
99,NXPI,253.62,212.01,-16.4,335.00,32.1,2,75,2,24.07,3,7,23.3,2.05,0.95,3.91%,-
100,NXPI,253.62,212.01,-16.4,335.00,32.1,2,75,2,24.07,3,7,23.3,2.05,0.95,3.91%,-
101,COR,227.62,-,-,280.00,23.0,1,75,2,17.26,3,8,24.5,6.03,0.50,92.98%,-
102,AXON,310.59,74.35,-76.1,370.00,19.1,1,75,2,14.35,3,3,89.2,2.87,0.65,1.61%,-
103,MLM,565.62,364.89,-35.5,670.00,18.4,2,75,2,13.84,3,7,16.7,1.76,4.50,-3.84%,-
104,CDW,229.74,116.41,-49.3,270.00,17.5,1,75,2,13.14,3,7,28.3,5.89,0.33,9.38%,-
105,CDW,229.74,116.41,-49.3,270.00,17.5,1,75,2,13.14,3,7,28.3,5.89,0.33,9.38%,-
106,AME,172.27,126.65,-26.5,202.00,17.3,4,75,2,12.95,3,5,30.2,4.26,-,9.47%,-
107,GFS,51.75,7.59,-85.3,60.00,15.9,1,75,2,11.96,3,6,31.9,3.81,-,-6.33%,-
108,ZS,181.36,199.22,9.8,210.00,15.8,13,75,18,11.84,2,5,-370.8,-7.50,0.11,-62.93%,-
109,TPR,40.82,30.12,-26.2,47.00,15.1,1,75,2,11.36,2,7,10.6,3.01,-,-7.10%,-
110,WTW,283.09,186.16,-34.2,320.00,13.0,4,75,2,9.78,2,8,26.7,20.20,1.72,-,-
111,CNP,29.36,-,-,33.00,12.4,3,75,6,9.30,3,5,19.7,5.07,5.00,20.85%,-
112,CBRE,110.55,77.71,-29.7,123.50,11.7,2,75,2,8.78,3,7,36.7,4.75,-,-1.55%,-
113,BAC,41.67,32.72,-21.5,45.50,9.2,2,75,6,6.89,2,6,13.4,3.13,0.27,-3.98%,-
114,BLK,856.20,424.34,-50.4,934.00,9.1,1,75,2,6.82,1,5,21.0,3.04,0.17,1.96%,-
115,PPL,29.44,-,-,32.00,8.7,3,75,2,6.53,3,5,28.5,7.23,-,-5.14%,-
116,AMT,213.72,287.00,34.3,230.00,7.6,3,75,2,5.71,3,7,48.3,4.72,-,-2.07%,-
117,JPM,212.24,194.92,-8.2,221.00,4.1,3,75,6,3.10,3,6,11.4,1.45,-,-3.06%,100
118,JPM,212.24,194.92,-8.2,221.00,4.1,3,75,6,3.10,3,6,11.4,1.45,-,-3.06%,100
119,DUK,108.03,-,-,112.00,3.7,3,75,6,2.75,3,5,26.2,6.57,-,0.33%,100
120,AON,323.00,229.45,-29.0,330.50,2.3,2,75,2,1.74,2,6,26.9,5.28,1.12,5.44%,-
121,SPGI,489.82,349.57,-28.6,500.00,2.1,3,75,10,1.56,3,8,54.4,3.15,0.14,0.90%,-
122,CB,270.06,-,-,264.00,-2.2,1,75,2,-1.68,3,7,11.2,1.12,-,-0.46%,-
123,NDAQ,66.96,32.03,-52.2,-,-,0,75,2,-,2,6,40.8,4.10,-,0.40%,-
124,MDB,253.50,-42.47,-116.8,300.00,18.3,13,74,17,13.57,1,5,-91.2,-2.20,0.07,13.14%,-
125,QCOM,180.05,165.16,-8.3,200.00,11.1,14,74,17,8.20,3,7,24.0,1.83,-,-2.84%,-
126,QCOM,180.05,165.16,-8.3,200.00,11.1,14,74,17,8.20,3,7,24.0,1.83,-,-2.84%,-
127,ICE,151.00,104.05,-31.1,167.00,10.6,1,73,13,7.74,2,6,34.9,3.10,0.19,0.31%,-
128,WELL,109.78,62.28,-43.3,104.50,-4.8,4,73,9,-3.51,3,7,142.7,19.26,-,3.13%,-
129,BA,186.89,-,-,227.50,21.7,10,72,16,15.65,1,5,-53.3,-31.35,-,-5.98%,-
130,BA,186.89,-,-,227.50,21.7,10,72,16,15.65,1,5,-53.3,-31.35,-,-5.98%,-
131,WYNN,81.61,-,-,124.00,51.9,7,71,5,36.88,2,8,10.5,0.49,4.00,20.65%,-
132,KEYS,138.40,180.72,30.6,171.00,23.6,4,71,5,16.72,3,6,29.7,4.62,0.33,-1.64%,-
133,V,259.46,190.98,-26.4,316.00,21.8,4,71,5,15.47,3,7,21.9,2.28,0.25,-0.56%,-
134,V,259.46,190.98,-26.4,316.00,21.8,4,71,5,15.47,3,7,21.9,2.28,0.25,-0.56%,-
135,PPG,127.55,112.34,-11.9,153.00,19.9,3,71,5,14.16,3,7,20.7,3.91,-,0.90%,-
136,DDOG,118.31,108.26,-8.5,141.50,19.6,14,71,12,13.92,2,7,340.5,1.76,0.59,6.55%,-
137,PGR,215.68,-,-,257.00,19.2,1,71,5,13.60,2,5,18.3,1.45,1.36,-0.74%,-
138,IQV,239.67,143.00,-40.3,275.00,14.7,3,71,5,10.47,3,7,30.7,3.77,-,0.29%,-
139,CRM,262.71,197.69,-24.8,300.00,14.2,8,71,12,10.07,3,8,46.6,2.37,0.34,0.01%,0
140,CRM,262.71,197.69,-24.8,300.00,14.2,8,71,12,10.07,3,8,46.6,2.37,0.34,0.01%,0
141,EFX,271.74,31.73,-88.3,305.00,12.2,5,71,5,8.69,2,6,57.6,5.26,-,5.62%,-
142,PNC,181.21,-60.11,-133.2,182.00,0.4,1,71,5,0.31,2,8,13.9,2.75,4.00,2.81%,-
143,MTCH,33.25,29.87,-10.2,33.00,-0.8,3,71,5,-0.53,2,7,13.6,0.16,-,18.70%,-
144,GS,499.03,-,-,474.50,-4.9,6,71,5,-3.49,2,6,14.8,1.30,0.50,-18.33%,-
145,GS,499.03,-,-,474.50,-4.9,6,71,5,-3.49,2,6,14.8,1.30,0.50,-18.33%,-
146,WBD,8.31,-,-,12.00,44.4,6,70,8,31.08,2,4,-6.7,-0.20,-,4.38%,-
147,WBD,8.31,-,-,12.00,44.4,6,70,8,31.08,2,4,-6.7,-0.20,-,4.38%,-
148,MCD,252.00,351.20,39.4,310.00,23.0,9,70,8,16.11,2,7,21.2,3.88,-,-7.31%,-
149,MCD,252.00,351.20,39.4,310.00,23.0,9,70,8,16.11,2,7,21.2,3.88,-,-7.31%,-
150,XOM,117.33,171.14,45.9,144.00,22.7,6,70,8,15.91,3,6,14.3,1.11,-,10.19%,100
151,PANW,326.81,280.47,-14.2,340.00,4.0,19,70,25,2.83,3,6,43.1,1.78,-,-0.59%,-
152,PANW,326.81,280.47,-14.2,340.00,4.0,19,70,25,2.83,3,6,43.1,1.78,-,-0.59%,-
153,GDDY,143.65,125.20,-12.8,145.00,0.9,3,70,8,0.66,3,6,11.8,1.29,-,-2.73%,-
154,ESS,286.74,353.77,23.4,266.00,-7.2,5,69,11,-4.99,3,6,42.6,12.02,-,-27.29%,-
155,CRWD,256.16,370.81,44.8,400.00,56.1,26,68,32,38.18,2,7,471.6,3.20,0.17,10.49%,100
156,CRWD,256.16,370.81,44.8,400.00,56.1,26,68,32,38.18,2,7,471.6,3.20,0.17,10.49%,100
157,ON,70.17,35.78,-49.0,87.00,24.0,11,68,17,16.31,3,6,13.8,1.20,-,-4.43%,-
158,ON,70.17,35.78,-49.0,87.00,24.0,11,68,17,16.31,3,6,13.8,1.20,-,-4.43%,-
159,CZR,35.06,-,-,53.00,51.2,5,67,7,34.28,2,6,9.9,0.25,-,5.55%,-
160,ALGN,220.45,195.59,-11.3,315.00,42.9,1,67,1,28.74,3,7,37.1,2.45,2.00,0.88%,-
161,CEG,175.04,-,-,242.00,38.2,6,67,7,25.63,2,5,23.0,5.94,-,4.32%,-
162,CEG,175.04,-,-,242.00,38.2,6,67,7,25.63,2,5,23.0,5.94,-,4.32%,-
163,CTRA,25.78,67.92,163.5,35.00,35.8,5,67,10,23.96,3,6,14.9,1.68,-,-9.07%,-
164,TEAM,177.32,262.36,48.0,225.00,26.9,1,67,1,18.02,2,4,-283.3,-9.21,0.01,4.53%,-
165,CAH,98.35,-,-,121.50,23.5,4,67,1,15.77,2,7,43.3,4.81,-,-7.87%,-
166,CMCSA,39.69,78.13,96.8,49.00,23.5,3,67,4,15.72,3,5,10.3,3.45,1.08,-4.13%,-
167,CMCSA,39.69,78.13,96.8,49.00,23.5,3,67,4,15.72,3,5,10.3,3.45,1.08,-4.13%,-
168,CPRT,51.05,22.89,-55.2,63.00,23.4,1,67,1,15.68,3,6,35.4,2.00,-,5.13%,-
169,CPRT,51.05,22.89,-55.2,63.00,23.4,1,67,1,15.68,3,6,35.4,2.00,-,5.13%,-
170,DECK,894.70,840.92,-6.0,1095.00,22.4,4,67,4,15.00,3,8,28.1,1.47,0.92,-2.88%,-
171,BKR,37.65,20.65,-45.1,46.00,22.2,1,67,1,14.86,3,7,18.8,7.83,1.60,-8.49%,-
172,BKR,37.65,20.65,-45.1,46.00,22.2,1,67,1,14.86,3,7,18.8,7.83,1.60,-8.49%,-
173,NEM,46.73,131.31,181.0,57.00,22.0,1,67,1,14.73,3,3,-27.4,-5.30,0.50,4.56%,-
174,BWA,32.81,93.80,185.9,40.00,21.9,1,67,4,14.68,3,7,12.2,1.15,-,-14.72%,-
175,MELI,1651.69,709.95,-57.0,1992.50,20.6,2,67,4,13.82,3,6,74.1,23.50,-,-1.36%,0
176,WDAY,228.64,148.23,-35.2,275.00,20.3,14,67,19,13.59,2,8,40.6,2.17,0.12,-0.02%,100
177,GEV,173.11,-97.94,-156.6,208.00,20.1,1,67,1,13.50,3,,40.7,42.15,-,-,-
178,SNA,280.66,389.81,38.9,336.00,19.7,1,67,1,13.21,4,9,14.3,1.68,-,-5.27%,-
179,APH,63.86,34.90,-45.3,76.00,19.0,1,67,1,12.74,3,5,36.5,3.14,1.75,49.05%,-
180,TTWO,150.75,74.58,-50.5,178.50,18.4,6,67,16,12.33,2,4,-6.9,-0.42,0.55,11.05%,-
181,TTWO,150.75,74.58,-50.5,178.50,18.4,6,67,16,12.33,2,4,-6.9,-0.42,0.55,11.05%,-
182,CHTR,367.62,431.92,17.5,435.00,18.3,1,67,1,12.28,3,7,11.3,2.50,-,-20.81%,-
183,CHTR,367.62,431.92,17.5,435.00,18.3,1,67,1,12.28,3,7,11.3,2.50,-,-20.81%,-
184,ABT,105.24,133.18,26.6,123.00,16.9,2,67,4,11.31,1,7,32.8,5.02,-,-1.25%,-
185,ROST,140.91,130.02,-7.7,164.50,16.7,6,67,13,11.22,3,8,23.4,2.54,3.00,-4.37%,0
186,ROST,140.91,130.02,-7.7,164.50,16.7,6,67,13,11.22,3,8,23.4,2.54,3.00,-4.37%,0
187,FANG,200.76,69.21,-65.5,233.50,16.3,4,67,7,10.93,3,7,11.2,0.45,0.60,6.62%,-
188,FANG,200.76,69.21,-65.5,233.50,16.3,4,67,7,10.93,3,7,11.2,0.45,0.60,6.62%,-
189,MPC,172.65,335.05,94.1,200.00,15.8,9,67,7,10.61,3,6,7.9,0.48,-,4.20%,-
190,PHM,129.99,119.43,-8.1,150.00,15.4,1,67,4,10.31,4,6,9.7,0.78,10.00,-4.69%,-
191,CSGP,78.51,66.12,-15.8,90.00,14.6,1,67,1,9.81,3,6,149.7,9.90,1.00,1.59%,-
192,CSGP,78.51,66.12,-15.8,90.00,14.6,1,67,1,9.81,3,6,149.7,9.90,1.00,1.59%,-
193,MHK,160.71,156.47,-2.6,180.50,12.3,2,67,1,8.25,3,7,-28.5,-8.96,-,6.78%,-
194,MSCI,540.55,285.56,-47.2,600.00,11.0,1,67,1,7.37,2,7,36.1,2.78,4.17,11.76%,-
195,ELV,527.50,1128.56,114.0,585.00,10.9,1,67,4,7.30,3,6,18.3,1.38,-,0.34%,-
196,C,65.18,-,-,72.00,10.5,1,67,4,7.01,2,4,15.7,6.77,-,2.86%,-
197,TFX,220.30,164.97,-25.1,242.50,10.1,4,67,4,6.75,3,6,35.2,9.76,-,5.42%,-
198,PCAR,99.24,88.77,-10.6,109.00,9.8,1,67,1,6.59,3,5,10.5,0.97,-,2.19%,-
199,PCAR,99.24,88.77,-10.6,109.00,9.8,1,67,1,6.59,3,5,10.5,0.97,-,2.19%,-
200,WRB,54.07,-,-,59.00,9.1,1,67,1,6.11,3,5,14.0,1.23,10.00,-2.22%,-
201,IDXX,469.71,164.37,-65.0,510.00,8.6,1,67,1,5.75,3,6,45.0,4.03,3.88,-1.45%,-
202,IDXX,469.71,164.37,-65.0,510.00,8.6,1,67,1,5.75,3,6,45.0,4.03,3.88,-1.45%,-
203,LDOS,149.83,281.49,87.9,162.50,8.5,4,67,4,5.67,3,9,63.5,7.34,1.75,13.89%,0
204,EVRG,56.75,-,-,61.00,7.5,1,67,1,5.02,2,5,18.4,9.61,-,16.97%,-
205,SBAC,214.71,583.44,171.7,230.00,7.1,5,67,7,4.77,2,7,41.8,18.00,0.78,-5.45%,-
206,MCO,448.75,129.38,-71.2,480.00,7.0,2,67,4,4.66,3,7,44.0,7.62,-,6.90%,-
207,NTRS,89.43,-,-,95.00,6.2,1,67,1,4.17,4,7,11.8,0.52,-,-4.83%,-
208,ETR,113.63,-,-,119.00,4.7,8,67,10,3.17,2,5,11.4,3.13,2.88,-9.98%,-
209,PM,113.36,163.68,44.4,117.50,3.6,2,67,1,2.45,2,5,20.0,4.55,2.75,6.77%,-
210,SHW,349.22,191.71,-45.1,355.00,1.7,3,67,7,1.11,3,7,34.9,5.30,-,12.62%,-
211,GL,90.69,-,-,92.00,1.4,3,67,1,0.96,2,6,8.2,1.71,-,-0.93%,-
212,FE,40.94,-,-,41.00,0.1,3,67,4,0.10,2,5,22.1,5.47,-,-1.47%,100
213,TJX,111.83,93.30,-16.6,105.00,-6.1,4,67,10,-4.09,3,9,27.2,2.75,1.76,2.77%,-
214,FOX,34.92,102.56,193.7,-,-,0,67,1,-,4,6,11.4,2.36,-,29.56%,-
215,CCEP,74.29,162.52,118.8,-,-,0,67,1,-,4,6,18.9,1.52,-,-21.25%,-
216,HII,276.03,582.86,111.2,-,-,0,67,1,-,3,9,15.5,2.35,-,3.61%,-
217,VICI,30.88,65.01,110.5,-,-,0,67,1,-,4,5,12.5,3.05,-,0.10%,-
218,CMI,290.38,427.98,47.4,-,-,0,67,4,-,4,7,21.2,1.95,0.70,2.48%,-
219,GOOG,168.68,206.46,22.4,-,-,0,67,1,-,4,8,23.5,1.30,0.90,-1.33%,-
220,GOOG,168.68,206.46,22.4,-,-,0,67,1,-,4,8,23.5,1.30,0.90,-1.33%,-
221,PKG,199.00,143.22,-28.0,-,-,0,67,1,-,1,5,24.9,7.42,3.67,-1.67%,-
222,ZTS,179.84,117.52,-34.6,-,-,0,67,1,-,3,8,34.4,4.20,1.62,9.80%,-
223,FAST,70.37,44.81,-36.3,-,-,0,67,1,-,3,7,35.0,4.15,1.33,-4.84%,-
224,FAST,70.37,44.81,-36.3,-,-,0,67,1,-,3,7,35.0,4.15,1.33,-4.84%,-
225,HCA,354.78,150.35,-57.6,-,-,0,67,4,-,2,7,16.3,2.63,1.00,1.61%,-
226,FICO,1605.94,267.50,-83.3,-,-,0,67,1,-,2,7,82.9,11.92,0.07,-8.30%,100
227,IRM,98.50,-23.52,-123.9,-,-,0,67,1,-,2,7,148.9,22.38,1.60,-3.01%,-
228,UAL,47.37,-,-,-,-,0,67,1,-,4,6,5.3,0.22,3.40,3.37%,-
229,EG,382.93,-,-,-,-,0,67,1,-,4,5,5.7,0.37,-,-,-
230,EIX,78.51,-,-,-,-,0,67,1,-,3,5,26.4,3.50,-,7.15%,-
231,F,11.19,-,-,-,-,0,67,1,-,3,5,11.6,0.04,3.18,-14.18%,-
232,ABBV,185.16,-,-,-,-,0,67,1,-,2,5,61.3,4.28,0.75,-3.88%,-
233,AAPL,217.96,146.96,-32.6,230.00,5.5,19,66,42,3.64,3,8,33.4,3.06,0.18,0.70%,75
234,AAPL,217.96,146.96,-32.6,230.00,5.5,19,66,42,3.64,3,8,33.4,3.06,0.18,0.70%,75
235,BKNG,3700.99,4952.04,33.8,4300.00,16.2,9,65,15,10.52,2,7,26.4,1.21,-,2.70%,100
236,BKNG,3700.99,4952.04,33.8,4300.00,16.2,9,65,15,10.52,2,7,26.4,1.21,-,2.70%,100
237,COST,817.60,483.40,-40.9,874.00,6.9,16,65,21,4.49,3,7,50.6,4.11,-,-0.19%,100
238,COST,817.60,483.40,-40.9,874.00,6.9,16,65,21,4.49,3,7,50.6,4.11,-,-0.19%,100
239,DAY,52.11,-5.60,-110.7,68.00,30.5,3,64,9,19.51,2,8,157.2,9.40,1.83,-,-
240,MNST,51.00,61.57,20.7,61.00,19.6,9,64,9,12.55,4,7,31.7,2.22,-,-2.49%,50
241,MNST,51.00,61.57,20.7,61.00,19.6,9,64,9,12.55,4,7,31.7,2.22,-,-2.49%,50
242,NFLX,631.37,54.78,-91.3,735.00,16.4,7,63,17,10.34,3,8,38.3,2.74,0.85,0.58%,-
243,NFLX,631.37,54.78,-91.3,735.00,16.4,7,63,17,10.34,3,8,38.3,2.74,0.85,0.58%,-
244,AIG,77.24,11.37,-85.3,87.50,13.3,6,63,17,8.37,3,7,9.5,-0.15,-,-4.18%,100
245,CCL,17.27,-,-,22.00,27.4,4,62,6,16.98,2,6,24.2,2.52,15.00,8.78%,-
246,TGT,149.00,206.54,38.6,176.50,18.5,16,62,19,11.45,3,5,16.7,1.94,0.89,3.52%,-
247,AMAT,206.47,153.99,-25.4,240.00,16.2,11,62,19,10.07,3,7,23.5,1.41,-,-6.98%,100
248,AMAT,206.47,153.99,-25.4,240.00,16.2,11,62,19,10.07,3,7,23.5,1.41,-,-6.98%,100
249,SYK,331.67,228.74,-31.0,380.00,14.6,3,62,6,9.03,3,6,37.5,4.34,0.50,-0.81%,-
250,MPWR,821.78,474.82,-42.2,937.50,14.1,2,62,6,8.73,3,5,97.5,3.06,-,-7.29%,-
251,NTAP,126.15,86.10,-31.8,135.00,7.0,7,62,11,4.35,3,8,26.4,6.86,2.00,-2.46%,-
252,AEE,78.04,-,-,80.00,2.5,5,62,6,1.56,3,4,18.1,2.67,2.12,-2.75%,100
253,GIS,66.32,124.98,88.5,66.00,-0.5,2,62,6,-0.30,3,6,15.0,4.92,-,-9.03%,-
254,AMGN,334.85,547.86,63.6,310.00,-7.4,7,62,11,-4.60,2,5,47.7,9.82,-,-2.27%,-
255,AMGN,334.85,547.86,63.6,310.00,-7.4,7,62,11,-4.60,2,5,47.7,9.82,-,-2.27%,-
256,AMGN,334.85,547.86,63.6,310.00,-7.4,7,62,11,-4.60,2,5,47.7,9.82,-,-2.27%,-
257,SMCI,712.19,51.19,-92.8,975.00,36.9,2,60,3,22.14,3,4,38.3,1.80,0.50,28.56%,-
258,BDX,237.30,471.37,98.6,285.00,20.1,3,60,3,12.06,3,7,51.5,15.68,-,1.25%,100
259,GEHC,80.50,65.10,-19.1,94.00,16.8,4,60,3,10.06,3,6,23.4,9.36,-,1.95%,-
260,GEHC,80.50,65.10,-19.1,94.00,16.8,4,60,3,10.06,3,6,23.4,9.36,-,1.95%,-
261,PSX,142.21,151.24,6.3,165.00,16.0,2,60,8,9.62,3,4,10.5,0.58,-,0.85%,100
262,LIN,451.39,239.65,-46.9,512.00,13.4,3,60,3,8.06,3,8,34.5,8.43,0.92,2.25%,50
263,LIN,451.39,239.65,-46.9,512.00,13.4,3,60,3,8.06,3,8,34.5,8.43,0.92,2.25%,50
264,MCK,600.16,943.01,57.1,679.00,13.1,3,60,3,7.88,2,8,26.1,3.44,0.47,-2.67%,0
265,BRO,99.17,121.97,23.0,110.00,10.9,1,60,3,6.55,3,7,28.2,1.80,6.00,-5.17%,-
266,IR,98.70,106.19,7.6,109.00,10.4,1,60,3,6.26,3,9,48.7,1.43,0.27,-4.75%,100
267,MCHP,86.83,83.31,-4.0,95.00,9.4,4,60,8,5.65,2,7,24.5,2.30,-,-2.19%,-
268,MCHP,86.83,83.31,-4.0,95.00,9.4,4,60,8,5.65,2,7,24.5,2.30,-,-2.19%,-
269,INVH,34.07,37.31,9.5,37.00,8.6,3,60,3,5.16,3,6,43.8,5.21,3.00,-2.79%,-
270,TFC,44.42,-,-,48.00,8.1,3,60,8,4.84,3,4,-32.8,-1.01,-,-2.48%,-
271,ATO,126.16,-,-,135.00,7.0,2,60,3,4.21,3,5,19.1,1.77,0.92,3.88%,-
272,ODFL,202.93,115.88,-42.9,215.00,6.0,3,60,3,3.57,2,7,35.5,3.25,0.88,1.82%,-
273,ODFL,202.93,115.88,-42.9,215.00,6.0,3,60,3,3.57,2,7,35.5,3.25,0.88,1.82%,-
274,PEP,172.75,207.41,20.1,182.00,5.3,3,60,3,3.21,3,6,25.0,3.09,1.46,-1.81%,-
275,PEP,172.75,207.41,20.1,182.00,5.3,3,60,3,3.21,3,6,25.0,3.09,1.46,-1.81%,-
276,NOC,480.30,496.50,3.4,500.00,4.1,3,60,3,2.46,3,8,31.0,7.93,-,-2.94%,-
277,FOXA,37.51,102.56,173.4,39.00,4.0,5,60,8,2.38,4,6,11.4,2.36,0.50,-9.25%,-
278,TSCO,262.52,230.05,-12.4,270.00,2.9,3,60,3,1.71,3,6,25.1,1.64,-,-20.74%,-
279,AJG,283.58,213.24,-24.8,287.50,1.4,4,60,3,0.83,2,6,54.4,5.96,-,-2.77%,-
280,RTX,113.95,40.73,-64.3,115.00,0.9,1,60,3,0.55,2,6,67.1,-1.84,-,-2.42%,-
281,FRT,109.55,-32.39,-129.6,101.50,-7.3,2,60,3,-4.41,2,5,38.0,7.08,5.33,-29.61%,-
282,TECH,80.60,41.07,-49.0,-,-,0,60,3,-,3,7,62.5,4.89,0.67,0.23%,-
283,COO,93.21,43.76,-53.0,115.00,23.4,3,57,5,13.33,3,6,54.5,13.33,2.00,1.87%,-
284,OXY,60.54,80.35,32.7,72.50,19.8,4,57,5,11.26,3,6,12.4,0.96,3.17,-1.95%,-
285,GM,44.12,-,-,50.50,14.5,4,57,5,8.24,3,9,4.5,0.70,-,-3.19%,-
286,CVX,157.84,299.60,89.8,178.00,12.8,5,57,5,7.28,3,5,14.3,0.83,1.70,-1.16%,50
287,CVX,157.84,299.60,89.8,178.00,12.8,5,57,5,7.28,3,5,14.3,0.83,1.70,-1.16%,50
288,IBM,191.75,274.72,43.3,205.00,6.9,1,57,5,3.94,3,6,20.9,0.06,3.00,1.69%,-
289,IBM,191.75,274.72,43.3,205.00,6.9,1,57,5,3.94,3,6,20.9,0.06,3.00,1.69%,-
290,CFG,43.23,40.20,-7.0,44.50,2.9,2,57,5,1.68,3,8,14.6,2.26,-,3.11%,-
291,AEP,96.45,-,-,98.50,2.1,4,57,5,1.21,2,5,18.0,3.28,-,-0.71%,-
292,AEP,96.45,-,-,98.50,2.1,4,57,5,1.21,2,5,18.0,3.28,-,-0.71%,-
293,YUM,128.05,90.95,-29.0,145.00,13.2,8,56,7,7.41,2,7,22.4,3.61,-,-6.02%,0
294,KO,67.05,112.90,68.4,70.00,4.4,1,56,7,2.46,3,7,27.1,4.65,0.50,3.40%,-
295,KO,67.05,112.90,68.4,70.00,4.4,1,56,7,2.46,3,7,27.1,4.65,0.50,3.40%,-
296,ARM,149.00,279.83,87.8,145.00,-2.7,7,56,16,-1.50,4,6,502.7,37.84,-,-,-
297,WDC,68.26,-10.13,-114.8,88.00,28.9,3,55,9,15.91,2,3,-14.2,0.07,-,1.99%,-
298,CSX,34.32,31.17,-9.2,40.00,16.6,8,55,9,9.10,3,5,18.6,3.06,-,4.23%,-
299,CSX,34.32,31.17,-9.2,40.00,16.6,8,55,9,9.10,3,5,18.6,3.06,-,4.23%,-
300,VZ,40.09,62.85,56.8,46.50,16.0,3,55,9,8.79,3,6,15.0,34.20,0.20,-5.37%,-
301,VZ,40.09,62.85,56.8,46.50,16.0,3,55,9,8.79,3,6,15.0,34.20,0.20,-5.37%,-
302,T,19.01,42.18,121.9,22.00,15.7,4,55,9,8.65,3,6,10.8,0.04,17.00,-1.13%,-
303,FMC,59.60,13.55,-77.3,67.50,13.3,6,55,9,7.29,2,5,6.6,15.44,-,-12.43%,-
304,LEN,176.71,216.35,22.4,177.00,0.2,5,55,9,0.09,4,8,11.7,0.99,2.50,1.68%,-
305,HD,359.51,360.89,0.4,380.00,5.7,15,54,11,3.08,3,7,23.9,2.70,1.77,0.94%,100
306,HD,359.51,360.89,0.4,380.00,5.7,15,54,11,3.08,3,7,23.9,2.70,1.77,0.94%,100
307,DLTR,103.93,96.41,-7.2,145.00,39.5,9,53,13,20.95,3,6,-22.7,-3.38,13.00,-15.23%,-
308,DLTR,103.93,96.41,-7.2,145.00,39.5,9,53,13,20.95,3,6,-22.7,-3.38,13.00,-15.23%,-
309,FIS,75.68,43.73,-42.2,83.50,10.3,6,53,15,5.47,2,6,-6.4,-5.95,-,1.00%,0
310,LRCX,894.64,758.39,-15.2,950.00,6.2,7,53,15,3.28,3,7,32.4,1.89,-,-5.17%,-
311,GLW,42.85,16.24,-62.1,39.00,-9.0,7,53,17,-4.76,2,6,43.1,13.97,0.50,-10.48%,100
312,AES,17.52,-,-,26.00,48.4,2,50,6,24.20,3,5,23.3,3.92,3.80,4.95%,-
313,CDNS,258.79,158.50,-38.8,338.00,30.6,1,50,2,15.30,3,5,66.4,4.41,0.12,-0.34%,-
314,CDNS,258.79,158.50,-38.8,338.00,30.6,1,50,2,15.30,3,5,66.4,4.41,0.12,-0.34%,-
315,EW,62.37,44.32,-28.9,79.00,26.7,6,50,6,13.33,3,7,25.5,2.95,-,-0.57%,-
316,DVN,46.34,65.41,41.1,58.50,26.2,6,50,10,13.12,3,6,8.7,0.31,-,-0.50%,100
317,DIS,89.93,17.21,-80.9,113.50,26.2,4,50,4,13.11,2,7,97.3,14.28,0.50,-5.37%,-
318,DIS,89.93,17.21,-80.9,113.50,26.2,4,50,4,13.11,2,7,97.3,14.28,0.50,-5.37%,-
319,SCHW,66.60,86.30,29.6,82.00,23.1,1,50,2,11.56,1,4,25.0,1.42,4.50,-9.21%,-
320,BLDR,167.49,240.97,43.9,206.00,23.0,3,50,6,11.49,3,6,13.9,0.52,1.42,-5.37%,-
321,APTV,68.74,50.66,-26.3,84.00,22.2,2,50,4,11.10,3,5,6.3,0.68,0.56,0.22%,-
322,DE,386.55,310.76,-19.6,457.50,18.4,6,50,8,9.18,3,6,11.3,0.88,0.40,-4.13%,50
323,HAS,63.85,147.49,131.0,75.50,18.2,2,50,2,9.12,3,6,-8.6,-3.47,3.00,-34.29%,-
324,GRMN,177.94,116.08,-34.8,210.00,18.0,1,50,2,9.01,4,8,25.0,2.82,-,-8.08%,-
325,FCX,45.00,15.10,-66.5,53.00,17.8,1,50,2,8.89,3,7,33.5,2.27,-,-8.81%,-
326,FTV,70.99,53.16,-25.1,82.50,16.2,2,50,2,8.11,3,7,28.2,1.76,0.50,0.18%,-
327,MRK,125.26,140.95,12.5,144.00,15.0,2,50,6,7.48,3,7,137.6,20.65,1.50,0.54%,0
328,MRK,125.26,140.95,12.5,144.00,15.0,2,50,6,7.48,3,7,137.6,20.65,1.50,0.54%,0
329,EXC,36.75,-,-,42.00,14.3,1,50,4,7.14,3,6,15.9,2.94,6.00,-3.23%,-
330,EXC,36.75,-,-,42.00,14.3,1,50,4,7.14,3,6,15.9,2.94,6.00,-3.23%,-
331,SJM,118.19,262.54,122.1,135.00,14.2,8,50,4,7.11,3,5,16.9,13.34,-,-17.53%,-
332,NSC,247.22,99.48,-59.8,279.50,13.1,2,50,6,6.53,2,5,28.6,11.16,2.18,-3.00%,-
333,CBOE,186.46,259.50,39.2,210.00,12.6,4,50,2,6.31,3,7,24.7,2.06,-,-3.46%,-
334,XEL,57.36,-,-,64.00,11.6,3,50,4,5.79,3,5,17.3,2.98,7.00,3.71%,100
335,XEL,57.36,-,-,64.00,11.6,3,50,4,5.79,3,5,17.3,2.98,7.00,3.71%,100
336,IFF,98.84,90.94,-8.0,110.00,11.3,7,50,12,5.64,3,5,-10.1,-0.41,-,-11.16%,-
337,VMC,261.71,249.18,-4.8,291.00,11.2,2,50,2,5.59,3,9,37.9,2.97,-,-3.52%,-
338,EA,145.18,265.47,82.9,161.00,10.9,3,50,10,5.45,3,8,30.5,3.59,-,5.08%,-
339,EA,145.18,265.47,82.9,161.00,10.9,3,50,10,5.45,3,8,30.5,3.59,-,5.08%,-
340,ADI,226.43,301.93,33.3,250.00,10.4,11,50,14,5.21,3,5,52.5,2.31,-,2.17%,-
341,ADI,226.43,301.93,33.3,250.00,10.4,11,50,14,5.21,3,5,52.5,2.31,-,2.17%,-
342,SPG,152.45,75.01,-50.8,168.00,10.2,3,50,2,5.10,3,8,27.4,74.60,4.29,-5.89%,100
343,EXPE,125.87,-13.22,-110.5,138.00,9.6,7,50,14,4.82,1,7,21.1,1.56,1.50,-3.55%,-
344,SRE,78.55,-,-,86.00,9.5,1,50,4,4.74,2,5,17.1,1.72,-,-1.07%,-
345,FDX,300.14,133.24,-55.6,325.00,8.3,7,50,8,4.14,3,6,17.1,2.59,0.60,-5.39%,-
346,CRL,233.47,172.29,-26.2,252.00,7.9,4,50,4,3.97,3,6,27.4,2.24,0.97,-4.77%,-
347,AXP,245.89,384.66,56.4,265.00,7.8,3,50,4,3.88,3,7,17.9,1.83,1.50,-2.12%,-
348,AXP,245.89,384.66,56.4,265.00,7.8,3,50,4,3.88,3,7,17.9,1.83,1.50,-2.12%,-
349,IP,46.92,52.67,12.2,50.50,7.6,2,50,2,3.81,4,5,37.5,-0.46,-,10.83%,-
350,LOW,238.87,157.46,-34.1,257.00,7.6,12,50,12,3.79,2,6,18.9,3.52,1.56,-0.73%,0
351,ZBRA,325.98,93.79,-71.2,350.00,7.4,4,50,4,3.69,3,6,64.2,32.20,0.53,-0.34%,-
352,GILD,77.01,-,-,82.50,7.1,6,50,10,3.56,2,7,198.4,8.25,0.50,0.61%,-
353,GILD,77.01,-,-,82.50,7.1,6,50,10,3.56,2,7,198.4,8.25,0.50,0.61%,-
354,ACN,328.46,330.20,0.5,350.00,6.6,5,50,8,3.28,4,7,29.7,2.79,0.20,-8.24%,-
355,KEY,16.46,-,-,17.50,6.3,2,50,2,3.16,3,7,17.8,1.16,-,19.71%,-
356,BALL,63.25,0.85,-98.7,67.00,5.9,5,50,6,2.96,1,4,-41.5,-7.40,-,3.04%,-
357,LMT,524.80,652.62,24.4,550.00,4.8,2,50,8,2.40,3,6,18.6,5.87,-,-2.69%,-
358,RVTY,115.15,62.91,-45.4,120.00,4.2,1,50,2,2.10,3,6,95.0,28.05,4.50,-,-
359,BSX,74.92,32.12,-57.1,78.00,4.1,1,50,2,2.06,1,4,60.4,7.73,0.60,-3.22%,-
360,GPN,101.19,-,-,105.00,3.8,3,50,8,1.89,3,7,19.8,1.01,-,-7.58%,-
361,MS,104.19,-,-,108.00,3.7,1,50,12,1.83,1,3,15.9,1.74,0.12,-3.69%,-
362,PODD,193.30,-70.19,-136.3,200.00,3.5,1,50,4,1.74,2,7,57.8,2.49,1.27,14.43%,-
363,CTAS,761.39,284.16,-62.7,786.50,3.3,4,50,4,1.65,3,7,49.2,6.17,0.33,-3.53%,-
364,CTAS,761.39,284.16,-62.7,786.50,3.3,4,50,4,1.65,3,7,49.2,6.17,0.33,-3.53%,-
365,AVB,206.48,234.67,13.7,213.00,3.2,5,50,4,1.58,3,6,30.7,5.94,4.00,2.79%,-
366,KHC,33.36,65.58,96.6,34.00,1.9,3,50,4,0.96,3,7,14.4,8.73,-,3.02%,100
367,KHC,33.36,65.58,96.6,34.00,1.9,3,50,4,0.96,3,7,14.4,8.73,-,3.02%,100
368,EBAY,54.18,33.17,-38.8,55.00,1.5,5,50,10,0.76,3,6,10.6,0.03,0.50,1.19%,-
369,CARR,66.77,45.40,-32.0,67.50,1.1,2,50,2,0.55,4,3,17.8,3.72,0.70,4.57%,-
370,RF,22.76,-,-,23.00,1.1,5,50,4,0.53,3,5,11.9,1.08,1.75,-8.27%,-
371,CAT,350.48,211.08,-39.8,352.50,0.6,2,50,4,0.29,3,8,15.4,2.11,-,-2.09%,100
372,CAT,350.48,211.08,-39.8,352.50,0.6,2,50,4,0.29,3,8,15.4,2.11,-,-2.09%,100
373,GWW,970.34,428.49,-55.8,975.00,0.5,2,50,2,0.24,3,6,26.2,2.75,1.42,-3.46%,-
374,SYF,50.78,-,-,51.00,0.4,2,50,4,0.21,4,9,6.7,1.56,-,-30.43%,-
375,APD,260.98,48.18,-81.5,261.00,0.0,1,50,8,0.01,3,5,23.5,2.47,5.50,-2.00%,0
376,BG,114.31,-,-,113.50,-0.7,2,50,2,-0.35,3,7,8.8,0.77,-,-148.74%,-
377,AFL,94.82,85.44,-9.9,92.00,-3.0,2,50,4,-1.49,3,5,10.2,0.83,1.25,-1.82%,-
378,VTR,53.75,29.64,-44.9,52.00,-3.3,5,50,8,-1.63,1,4,-297.8,-76.08,-,-8.20%,-
379,JNJ,160.64,163.34,1.7,155.00,-3.5,2,50,4,-1.75,3,6,10.2,7.99,-,4.12%,-
380,JNJ,160.64,163.34,1.7,155.00,-3.5,2,50,4,-1.75,3,6,10.2,7.99,-,4.12%,-
381,TXT,92.06,64.01,-30.5,87.00,-5.5,1,50,2,-2.75,3,7,19.1,37.90,10.00,10.12%,-
382,PNW,84.71,-,-,80.00,-5.6,1,50,4,-2.78,2,5,18.4,2.33,-,3.53%,-
383,HUM,392.63,-,-,370.00,-5.8,6,50,10,-2.88,3,5,23.9,1.80,-,-4.25%,100
384,BX,142.00,62.57,-55.9,130.50,-8.1,2,50,4,-4.05,3,7,54.7,6.20,1.00,-4.13%,-
385,AIZ,173.05,455.93,163.5,-,-,0,50,2,-,3,7,11.9,4.44,-,0.33%,-
386,POOL,371.82,337.76,-9.2,-,-,0,50,2,-,3,6,30.8,1.93,-,-3.91%,-
387,ASML,888.39,764.52,-13.9,-,-,0,50,2,-,3,6,47.7,2.00,-,-2.21%,-
388,MKTX,225.63,187.31,-17.0,-,-,0,50,2,-,3,6,33.1,3.05,5.00,-7.67%,-
389,OKE,82.02,-10.75,-113.1,-,-,0,50,2,-,2,5,21.3,0.94,-,-1.75%,100
390,CSCO,47.88,72.46,51.3,55.50,15.9,6,47,15,7.48,3,6,16.0,6.34,0.19,-6.62%,0
391,CSCO,47.88,72.46,51.3,55.50,15.9,6,47,15,7.48,3,6,16.0,6.34,0.19,-6.62%,0
392,CSCO,47.88,72.46,51.3,55.50,15.9,6,47,15,7.48,3,6,16.0,6.34,0.19,-6.62%,0
393,PH,554.61,280.12,-49.5,610.00,10.0,7,47,13,4.70,3,7,25.7,3.31,0.50,1.12%,100
394,NCLH,18.47,-,-,20.00,8.3,8,47,17,3.89,2,5,23.0,1.96,0.50,10.89%,-
395,MRO,27.87,33.39,19.8,33.00,18.4,3,45,9,8.28,3,6,11.2,0.73,-,-42.55%,-
396,CPAY,292.17,394.33,35.0,340.00,16.4,6,45,9,7.37,3,,21.0,2.14,-,-10.30%,-
397,STT,85.29,-,-,94.50,10.8,4,45,9,4.86,2,7,14.2,34.37,1.08,-11.66%,-
398,PFE,30.77,65.41,112.6,33.00,7.2,2,45,9,3.26,3,3,-588.1,-41.50,-,-10.67%,-
399,RL,168.10,101.06,-39.9,170.00,1.1,4,45,9,0.51,2,9,16.7,3.47,1.47,-7.75%,-
400,STX,103.68,24.17,-76.7,125.00,20.6,5,44,7,9.05,2,6,65.0,0.40,1.50,1.39%,-
401,TRV,213.85,-,-,225.00,5.2,7,44,7,2.29,3,7,13.3,1.88,-,0.79%,-
402,TRV,213.85,-,-,225.00,5.2,7,44,7,2.29,3,7,13.3,1.88,-,0.79%,-
403,WMB,42.52,58.40,37.3,44.00,3.5,5,44,7,1.53,3,5,18.0,2.09,-,-1.05%,100
404,HPQ,36.34,35.65,-1.9,35.00,-3.7,2,44,7,-1.62,2,8,12.0,1.35,17.00,-3.33%,-
405,ETN,297.79,124.60,-58.2,370.00,24.2,2,43,5,10.43,3,8,35.0,12.85,-,2.88%,-
406,LYB,97.26,228.84,135.3,113.00,16.2,3,43,5,6.96,3,7,15.0,1.62,0.16,-2.12%,-
407,PTC,173.80,95.61,-45.0,190.00,9.3,1,43,5,4.01,2,7,72.2,5.20,0.15,1.70%,-
408,MTB,174.90,452.02,158.4,187.50,7.2,2,43,5,3.10,3,5,12.3,1.03,-,0.42%,-
409,HBAN,15.13,20.46,35.2,16.00,5.8,6,43,5,2.47,3,5,13.0,1.04,4.13,-3.19%,-
410,USB,45.46,80.25,76.5,48.00,5.6,1,43,5,2.40,3,5,13.4,2.48,-,-4.54%,-
411,FITB,42.27,-,-,43.00,1.7,3,43,5,0.74,3,5,12.6,0.92,0.12,-2.83%,-
412,JBHT,171.54,38.05,-77.8,173.00,0.8,5,43,5,0.37,3,6,29.3,2.95,-,-13.21%,-
413,ECL,245.24,109.89,-55.2,270.00,10.1,5,42,10,4.24,3,8,45.2,8.50,-,-6.54%,-
414,PEG,76.01,-,-,79.00,3.9,4,42,10,1.65,2,5,21.0,6.99,-,11.29%,-
415,QRVO,122.01,150.19,23.1,112.50,-7.8,4,42,10,-3.27,3,6,-167.5,-30.32,0.28,-0.21%,-
416,EPAM,211.05,253.74,20.2,230.00,9.0,7,41,20,3.68,4,6,28.3,1.37,5.00,23.25%,0
417,ORCL,139.01,109.44,-21.3,150.00,7.9,12,41,15,3.24,3,6,36.6,4.54,0.46,3.27%,-
418,LULU,253.50,396.24,56.3,383.00,51.1,10,40,13,20.43,3,7,20.2,0.80,1.11,47.62%,100
419,LULU,253.50,396.24,56.3,383.00,51.1,10,40,13,20.43,3,7,20.2,0.80,1.11,47.62%,100
420,ULTA,369.46,517.00,39.9,498.00,34.8,9,40,13,13.92,3,8,14.1,1.10,-,0.96%,-
421,CMG,49.83,16.89,-66.1,59.00,18.4,9,40,8,7.36,3,6,48.5,3.13,0.31,98.03%,-
422,CCI,107.52,84.83,-21.1,127.00,18.1,1,40,3,7.25,3,4,39.3,7.92,-,-6.76%,-
423,UPS,128.83,160.69,24.7,151.00,17.2,5,40,3,6.88,3,7,21.0,3.66,0.25,-0.64%,100
424,UHS,213.69,185.47,-13.2,237.50,11.1,2,40,3,4.46,3,7,15.3,2.60,1.42,-1.28%,-
425,KLAC,787.39,595.54,-24.4,875.00,11.1,3,40,3,4.45,3,7,38.3,2.57,-,-4.77%,-
426,KLAC,787.39,595.54,-24.4,875.00,11.1,3,40,3,4.45,3,7,38.3,2.57,-,-4.77%,-
427,TER,126.46,54.48,-56.9,140.00,10.7,5,40,3,4.28,3,4,40.3,6.53,-,-,-
428,WBA,11.82,-,-,13.00,10.0,9,40,8,3.99,4,5,-1.8,-3.76,-,-2.23%,-
429,WBA,11.82,-,-,13.00,10.0,9,40,8,3.99,4,5,-1.8,-3.76,-,-2.23%,-
430,ILMN,120.43,60.52,-49.8,130.00,8.0,5,40,8,3.18,2,6,-14.8,-1.93,2.60,-4.19%,-
431,DOW,52.86,86.46,63.6,57.00,7.8,3,40,3,3.13,3,5,32.4,9.06,0.90,2.19%,-
432,DOW,52.86,86.46,63.6,57.00,7.8,3,40,3,3.13,3,5,32.4,9.06,0.90,2.19%,-
433,ARE,118.92,-,-,126.00,6.0,1,40,3,2.38,2,7,32.5,1.88,-,-14.27%,-
434,CPB,46.75,92.23,97.3,49.50,5.9,2,40,3,2.35,2,5,18.9,5.02,11.00,-4.03%,-
435,PSA,300.74,568.35,89.0,314.00,4.4,3,40,3,1.76,4,4,24.7,9.02,-,-1.47%,-
436,SO,82.17,-,-,85.00,3.4,2,40,3,1.38,2,5,21.2,3.94,12.00,-0.42%,100
437,MKC,75.79,69.89,-7.8,76.50,0.9,2,40,3,0.38,3,7,27.5,4.79,2.50,-0.88%,-
438,DHR,273.91,247.01,-9.8,-,-,0,40,3,-,3,6,48.1,4.89,0.20,-5.89%,-
439,MAR,236.60,105.77,-55.3,-,-,0,40,3,-,2,5,23.8,2.09,4.00,-5.85%,0
440,MAR,236.60,105.77,-55.3,-,-,0,40,3,-,2,5,23.8,2.09,4.00,-5.85%,0
441,NKE,72.56,95.26,31.3,88.00,21.3,15,38,24,8.09,3,7,19.3,2.28,0.50,0.30%,-
442,NKE,72.56,95.26,31.3,88.00,21.3,15,38,24,8.09,3,7,19.3,2.28,0.50,0.30%,-
443,ETSY,62.27,-,-,75.00,20.4,12,38,11,7.77,2,8,24.9,0.65,0.41,6.94%,-
444,CHD,101.38,200.73,98.0,114.00,12.4,3,38,6,4.73,3,9,31.6,4.07,-,-1.77%,-
445,ES,64.50,-,-,66.00,2.3,1,38,6,0.89,2,4,-55.0,-5.99,-,5.38%,-
446,ADSK,240.86,198.27,-17.7,245.00,1.7,5,38,6,0.65,3,6,51.9,3.83,6.33,1.72%,-
447,ADSK,240.86,198.27,-17.7,245.00,1.7,5,38,6,0.65,3,6,51.9,3.83,6.33,1.72%,-
448,BK,65.35,-,-,65.00,-0.5,1,38,6,-0.21,3,6,14.5,7.60,4.00,-4.33%,-
449,VRTX,495.26,711.97,43.8,456.00,-7.9,5,38,11,-3.01,4,4,31.8,3.57,0.33,-1.09%,-
450,VRTX,495.26,711.97,43.8,456.00,-7.9,5,38,11,-3.01,4,4,31.8,3.57,0.33,-1.09%,-
451,DG,118.09,290.85,146.3,150.00,27.0,11,36,12,9.73,3,5,17.2,1.92,0.50,1.81%,0
452,A,137.32,102.25,-25.5,140.50,2.3,4,36,9,0.84,3,7,32.4,4.33,-,-3.38%,-
453,CHRW,89.47,133.54,49.3,88.50,-1.1,6,36,9,-0.39,3,5,35.2,5.31,-,0.92%,-
454,SBUX,74.05,81.36,9.9,92.50,24.9,6,35,15,8.72,2,8,20.2,2.32,-,2.04%,0
455,SBUX,74.05,81.36,9.9,92.50,24.9,6,35,15,8.72,2,8,20.2,2.32,-,2.04%,0
456,PYPL,58.29,109.05,87.1,71.00,21.8,12,35,24,7.63,3,7,14.3,1.03,-,-7.21%,-
457,PYPL,58.29,109.05,87.1,71.00,21.8,12,35,24,7.63,3,7,14.3,1.03,-,-7.21%,-
458,ZBH,111.29,93.40,-16.1,139.50,25.4,6,33,13,8.37,3,7,23.7,0.09,0.50,-7.98%,100
459,JBL,110.38,50.70,-54.1,134.50,21.9,2,33,1,7.21,3,8,9.4,1.13,0.33,10.50%,-
460,DRI,142.27,137.47,-3.4,170.00,19.5,7,33,7,6.43,3,6,16.5,1.52,-,-7.23%,-
461,MDT,78.70,116.40,47.9,92.00,16.9,5,33,10,5.58,3,7,28.3,9.79,0.50,-2.34%,-
462,CVS,61.00,-,-,71.00,16.4,4,33,13,5.41,3,6,10.5,2.40,3.10,-3.84%,50
463,AVY,213.74,126.18,-41.0,246.50,15.3,2,33,1,5.06,3,7,27.3,5.67,-,-2.95%,-
464,CE,139.08,332.79,139.3,160.00,15.0,7,33,13,4.96,3,5,7.6,0.45,4.00,3.27%,-
465,BEN,23.08,47.45,105.6,26.00,12.7,1,33,1,4.17,3,6,14.2,1.39,-,-13.22%,-
466,NRG,73.71,66.84,-9.3,83.00,12.6,1,33,1,4.16,3,8,9.4,3.02,-,9.67%,-
467,KMI,21.37,36.32,70.0,24.00,12.3,1,33,1,4.06,3,5,19.4,9.45,1.50,-4.83%,-
468,LHX,229.41,208.29,-9.2,257.00,12.0,1,33,1,3.97,3,4,36.6,25.61,-,5.95%,-
469,DOV,185.23,102.65,-44.6,206.00,11.2,2,33,1,3.70,3,7,17.0,3.62,1.69,-8.89%,-
470,DVA,137.41,279.98,103.8,150.00,9.2,1,33,1,3.02,3,8,14.8,9.09,4.50,-8.63%,-
471,WM,196.96,175.19,-11.1,214.50,8.9,2,33,1,2.94,3,6,31.1,4.16,8.00,-0.42%,-
472,HUBB,367.09,286.53,-21.9,397.00,8.2,1,33,1,2.69,3,4,27.2,6.06,1.43,7.53%,-
473,GEN,26.09,22.22,-14.8,28.00,7.3,2,33,1,2.42,3,7,26.7,2.34,0.69,7.15%,-
474,TSLA,219.80,69.35,-68.5,232.50,5.8,8,33,13,1.91,3,4,56.6,1.34,0.50,-3.72%,-
475,TSLA,219.80,69.35,-68.5,232.50,5.8,8,33,13,1.91,3,4,56.6,1.34,0.50,-3.72%,-
476,HSY,193.53,463.82,139.7,204.50,5.7,2,33,1,1.87,3,6,19.1,2.15,9.00,-2.69%,-
477,HON,202.74,131.58,-35.1,214.00,5.5,1,33,1,1.83,3,6,22.8,123.62,-,-0.90%,-
478,HON,202.74,131.58,-35.1,214.00,5.5,1,33,1,1.83,3,6,22.8,123.62,-,-0.90%,-
479,HON,202.74,131.58,-35.1,214.00,5.5,1,33,1,1.83,3,6,22.8,123.62,-,-0.90%,-
480,TXN,201.99,140.14,-30.6,210.00,4.0,5,33,4,1.31,3,4,34.7,5.78,0.17,-4.89%,-
481,TXN,201.99,140.14,-30.6,210.00,4.0,5,33,4,1.31,3,4,34.7,5.78,0.17,-4.89%,-
482,WFC,60.39,43.18,-28.5,62.50,3.5,2,33,4,1.15,3,6,11.6,0.22,-,-4.22%,-
483,REG,65.36,66.03,1.0,67.50,3.3,2,33,1,1.08,3,5,32.0,7.34,1.83,21.28%,-
484,OTIS,93.48,83.52,-10.7,95.00,1.6,1,33,1,0.54,2,6,25.7,11.58,-,11.08%,-
485,WAT,317.96,234.25,-26.3,320.00,0.6,3,33,1,0.21,3,4,31.2,5.62,1.00,-31.27%,-
486,CAG,29.94,44.43,48.4,30.00,0.2,1,33,1,0.07,2,7,41.3,18.55,0.85,5.58%,-
487,KMB,141.81,235.40,66.0,142.00,0.1,1,33,1,0.04,3,8,20.9,8.07,0.50,-1.46%,-
488,IPG,30.98,48.51,56.6,31.00,0.1,1,33,1,0.02,3,7,11.3,5.63,-,-16.57%,-
489,AMCR,10.38,18.07,74.1,10.30,-0.8,2,33,1,-0.25,3,7,22.9,1.86,-,57.74%,-
490,MO,50.43,69.83,38.5,50.00,-0.8,1,33,1,-0.28,3,6,10.5,11.40,1.00,-4.81%,-
491,KIM,21.19,28.11,32.6,21.00,-0.9,2,33,1,-0.30,2,5,40.2,3.21,-,-15.12%,-
492,ITW,247.49,160.91,-35.0,244.00,-1.4,1,33,1,-0.47,3,8,24.2,6.28,0.62,-0.53%,-
493,LNT,56.01,-,-,55.00,-1.8,1,33,1,-0.59,3,4,20.6,7.19,4.00,6.02%,-
494,PRU,124.14,300.59,142.1,121.00,-2.5,3,33,7,-0.83,3,6,20.6,0.07,1.00,-,-
495,ENPH,119.34,219.48,83.9,115.00,-3.6,2,33,4,-1.20,3,7,124.9,2.95,0.46,17.55%,-
496,VRSK,279.97,116.73,-58.3,268.00,-4.3,7,33,4,-1.41,3,8,51.6,40.06,-,-2.11%,-
497,VRSK,279.97,116.73,-58.3,268.00,-4.3,7,33,4,-1.41,3,8,51.6,40.06,-,-2.11%,-
498,MOH,335.36,-,-,297.00,-11.4,1,33,1,-3.78,4,6,18.3,3.75,8.00,-2.07%,-
499,BR,212.63,89.12,-58.1,185.00,-13.0,1,33,1,-4.29,3,8,35.8,4.15,-,-6.53%,-
500,DFS,142.29,-,-,119.00,-16.4,1,33,1,-5.40,3,7,12.3,0.70,1.00,-3.26%,-
501,CL,99.39,157.64,58.6,-,-,0,33,1,-,3,8,28.7,5.18,-,-0.15%,-
502,JNPR,37.25,34.91,-6.3,-,-,0,33,1,-,3,7,51.8,8.84,0.38,-7.62%,-
503,BIO,319.42,153.41,-52.0,-,-,0,33,1,-,4,5,-28.3,-7.00,0.90,1.15%,-
504,NEE,74.26,-70.47,-194.9,-,-,0,33,1,-,2,4,24.1,2.12,-,0.99%,-
505,BRK.B,-,-,-,-,-,0,33,1,-,3,,-,-,-,-,16
506,DLR,145.65,-,-,-,-,0,33,1,-,2,6,41.4,2.87,-,1.96%,-
507,AWK,141.71,-,-,-,-,0,33,1,-,2,6,28.8,6.85,-,-15.46%,-
508,AAL,10.62,-,-,-,-,0,33,1,-,2,4,-57.7,-2.82,2.00,0.03%,-
509,FTNT,57.00,126.58,122.1,69.00,21.1,11,31,11,6.53,2,6,36.2,1.43,0.40,0.54%,-
510,FTNT,57.00,126.58,122.1,69.00,21.1,11,31,11,6.53,2,6,36.2,1.43,0.40,0.54%,-
511,HPE,19.76,15.95,-19.3,22.00,11.3,5,31,11,3.52,3,6,14.3,147.92,1.24,5.06%,-
512,ABNB,140.10,142.63,1.8,153.00,9.2,8,31,14,2.86,3,4,18.1,0.68,0.09,12.80%,0
513,ABNB,140.10,142.63,1.8,153.00,9.2,8,31,14,2.86,3,4,18.1,0.68,0.09,12.80%,0
514,EXR,164.61,233.68,42.0,159.00,-3.4,1,30,8,-1.02,3,5,42.4,16.20,-,-0.46%,-
515,INCY,68.61,128.23,86.9,53.50,-22.0,4,30,8,-6.61,4,6,20.7,1.42,1.18,3.33%,-
516,HST,17.45,-11.11,-163.7,23.50,34.7,2,29,5,10.05,3,7,17.0,0.79,-,-10.49%,-
517,TAP,54.33,117.16,115.7,59.00,8.6,4,29,5,2.49,3,8,10.7,3.81,2.80,11.28%,-
518,CME,200.54,207.15,3.3,209.00,4.2,3,29,5,1.22,3,6,21.9,6.03,2.08,7.86%,-
519,ROK,277.04,212.91,-23.1,280.00,1.1,3,29,5,0.31,3,7,26.7,3.27,-,-11.92%,100
520,EQR,70.77,70.09,-1.0,71.00,0.3,6,29,12,0.09,3,6,29.2,20.44,2.33,-1.33%,-
521,GNRC,159.43,144.54,-9.3,157.50,-1.2,2,29,5,-0.35,2,7,42.4,2.31,-,2.43%,-
522,HLT,215.61,89.43,-58.5,212.00,-1.7,6,29,5,-0.48,2,7,45.3,3.76,-,0.42%,-
523,MAA,142.50,173.70,21.9,-,-,0,27,9,-,3,6,29.7,4.21,1.48,21.81%,-
524,SOLV,57.63,-,-,62.00,7.6,4,25,6,1.90,3,,11.0,2.53,-,-,-
525,LUV,27.23,17.02,-37.5,29.00,6.5,1,25,2,1.62,3,6,211.8,11.26,7.50,-2.44%,-
526,TEL,156.38,98.71,-36.9,161.00,3.0,2,25,2,0.74,3,7,13.8,2.67,0.50,-17.04%,-
527,IT,470.92,278.00,-41.0,478.50,1.6,2,25,2,0.40,3,5,46.3,5.20,2.11,-7.41%,-
528,PAYX,125.75,116.64,-7.2,127.00,1.0,4,25,2,0.25,4,8,26.8,3.82,-,-4.61%,-
529,PAYX,125.75,116.64,-7.2,127.00,1.0,4,25,2,0.25,4,8,26.8,3.82,-,-4.61%,-
530,WEC,83.73,-56.29,-167.2,83.50,-0.3,2,25,2,-0.07,3,5,18.3,3.81,-,-0.78%,-
531,FFIV,177.34,248.55,40.2,173.50,-2.2,2,25,2,-0.54,3,8,20.9,3.56,-,-14.92%,-
532,STE,232.79,261.44,12.3,225.00,-3.4,1,25,2,-0.84,2,8,60.8,3.93,0.51,-1.74%,-
533,O,58.07,-,-,56.00,-3.6,1,25,2,-0.89,3,6,62.2,2.08,-,-,-
534,MTD,1450.08,675.34,-53.4,1360.00,-6.2,3,25,2,-1.55,2,6,40.0,6.36,-,9.95%,-
535,BXP,70.50,150.46,113.4,66.00,-6.4,2,25,2,-1.59,2,5,57.6,21.35,-,-5.32%,-
536,MMM,127.16,132.88,4.5,115.00,-9.6,2,25,2,-2.39,3,6,74.7,130.17,-,-3.13%,-
537,MMM,127.16,132.88,4.5,115.00,-9.6,2,25,2,-2.39,3,6,74.7,130.17,-,-3.13%,-
538,JCI,68.77,25.58,-62.8,62.00,-9.8,1,25,6,-2.46,2,7,27.5,9.21,-,1.61%,-
539,SWK,95.43,4.97,-94.8,83.00,-13.0,2,25,2,-3.26,2,5,-138.9,-57.15,4.00,-10.67%,-
540,LW,56.71,63.92,12.7,-,-,0,25,2,-,3,6,11.3,0.75,-,4.77%,-
541,ALLE,136.77,120.99,-11.5,-,-,0,25,2,-,3,7,21.5,3.26,-,5.13%,-
542,ADP,252.67,217.96,-13.7,-,-,0,25,2,-,3,9,28.0,4.63,1.00,1.00%,0
543,ADP,252.67,217.96,-13.7,-,-,0,25,2,-,3,9,28.0,4.63,1.00,1.00%,0
544,ADM,63.98,-38.33,-159.9,-,-,0,25,2,-,3,6,10.8,0.99,-,-3.44%,-
545,CF,75.04,-,-,77.50,3.3,6,22,7,0.72,3,6,12.1,0.62,0.66,-21.17%,-
546,SWKS,116.18,175.45,51.0,117.50,1.1,4,22,7,0.25,4,6,21.8,1.90,-,8.22%,-
547,CLX,134.61,-,-,128.50,-4.5,2,22,7,-1.00,2,7,69.7,24.35,-,6.46%,-
548,ALB,92.80,-,-,137.50,48.2,8,21,12,10.12,3,5,32.3,1.03,-,2.94%,-
549,EL,100.72,88.77,-11.9,138.00,37.0,6,21,12,7.77,2,6,56.4,25.95,-,-8.58%,-
550,HSIC,72.31,82.82,14.5,92.00,27.2,1,20,3,5.45,3,5,24.0,4.09,-,-8.53%,-
551,RSG,190.30,187.77,-1.3,211.00,10.9,1,20,3,2.18,3,7,31.8,3.16,-,-7.58%,-
552,NDSN,245.95,226.46,-7.9,272.00,10.6,3,20,3,2.12,3,6,29.1,6.07,3.00,0.58%,-
553,HES,150.25,-63.79,-142.5,166.00,10.5,1,20,3,2.10,2,5,22.9,1.18,0.86,3.21%,-
554,CTLT,58.68,-,-,63.50,8.2,1,20,3,1.64,2,4,-9.6,-0.63,-,-21.60%,-
555,PAYC,164.03,211.19,28.8,177.00,7.9,2,20,3,1.58,4,7,19.8,0.85,-,17.54%,0
556,ED,96.44,-,-,95.50,-1.0,4,20,3,-0.19,3,6,18.4,4.28,1.00,-3.06%,-
557,D,52.70,-,-,52.00,-1.3,2,20,3,-0.27,3,6,26.4,3.75,-,1.41%,0
558,TSN,61.01,81.88,34.2,57.50,-5.8,2,20,3,-1.15,2,4,-35.1,-6.03,-,3.64%,-
559,EXPD,124.18,129.43,4.2,112.00,-9.8,1,20,3,-1.96,4,6,25.5,2.28,0.97,-12.81%,-
560,RMD,197.04,215.82,9.5,-,-,0,20,3,-,3,6,30.2,2.35,0.33,23.10%,-
561,CPT,113.01,56.47,-50.0,110.00,-2.7,6,18,9,-0.48,3,7,27.6,2.50,1.14,-24.20%,-
562,CTSH,74.57,90.22,21.0,71.00,-4.8,2,18,9,-0.86,4,6,17.7,4.74,0.50,1.23%,-
563,CTSH,74.57,90.22,21.0,71.00,-4.8,2,18,9,-0.86,4,6,17.7,4.74,0.50,1.23%,-
564,EOG,127.15,183.02,43.9,147.00,15.6,3,17,10,2.65,3,7,9.9,0.46,0.90,-1.06%,-
565,KVUE,18.69,16.32,-12.7,21.00,12.4,1,17,4,2.10,2,7,24.0,14.69,-,2.99%,-
566,TROW,112.08,54.99,-50.9,125.00,11.5,1,17,4,1.96,3,8,12.9,2.83,2.12,-2.86%,-
567,K,57.47,63.67,10.8,62.00,7.9,4,17,4,1.34,3,8,21.3,-15.02,-,6.80%,-
568,UDR,41.27,36.02,-12.7,42.00,1.8,4,17,10,0.30,2,7,29.7,3.25,0.50,-10.68%,-
569,FDS,415.33,380.94,-8.3,458.00,10.3,6,12,6,1.23,3,8,30.9,3.12,0.50,-0.98%,-
570,MOS,29.57,49.20,66.4,32.00,8.2,8,12,6,0.99,3,6,12.3,0.74,-,-5.81%,-
571,BAX,35.51,85.60,141.1,40.00,12.6,5,11,7,1.39,3,6,6.8,0.96,5.00,15.85%,-
572,INTC,31.35,-0.52,-101.7,38.00,21.2,3,10,8,2.12,2,6,32.7,-0.41,1.76,-2.86%,100
573,INTC,31.35,-0.52,-101.7,38.00,21.2,3,10,8,2.12,2,6,32.7,-0.41,1.76,-2.86%,100
574,INTC,31.35,-0.52,-101.7,38.00,21.2,3,10,8,2.12,2,6,32.7,-0.41,1.76,-2.86%,100
575,APA,31.21,26.42,-15.4,34.50,10.5,4,10,8,1.05,3,7,3.4,0.22,0.33,-4.99%,-
576,PARA,11.19,-1.32,-111.8,9.50,-15.1,7,8,11,-1.21,2,6,-15.2,-7.81,-,12.34%,-
577,EQT,34.31,100.23,192.1,43.00,25.3,1,-,0,-,3,4,21.8,0.98,2.25,-1.49%,-
578,LKQ,40.18,58.63,45.9,50.00,24.4,1,-,0,-,3,6,14.6,5.02,0.20,-2.94%,-
579,VTRS,12.08,-,-,15.00,24.2,1,-,0,-,3,6,-257.4,-26.33,4.00,-,-
580,IEX,206.46,226.12,9.5,256.00,24.0,1,-,0,-,3,6,27.1,3.63,-,-6.50%,-
581,AOS,84.50,79.80,-5.6,98.00,16.0,1,-,0,-,4,6,21.5,3.10,0.50,-4.57%,-
582,ROP,548.53,302.05,-44.9,635.00,15.8,1,-,0,-,2,5,40.4,10.42,2.00,-2.78%,-
583,ROP,548.53,302.05,-44.9,635.00,15.8,1,-,0,-,2,5,40.4,10.42,2.00,-2.78%,-
584,MAS,77.45,59.85,-22.7,88.00,13.6,1,-,0,-,2,8,18.6,3.89,-,3.73%,-
585,LRCX,894.64,758.39,-15.2,950.00,6.2,7,-,,-,3,7,32.4,1.89,-,-5.17%,-
586,DGX,145.59,221.98,52.5,154.00,5.8,1,-,0,-,4,7,19.3,3.55,3.00,-0.47%,-
587,MMC,217.97,136.09,-37.6,220.00,0.9,1,-,0,-,3,7,26.7,3.26,0.50,-0.75%,-
588,HRL,32.01,47.03,46.9,29.00,-9.4,1,-,0,-,3,6,22.9,3.48,1.50,0.23%,-
589,HIG,109.63,247.38,125.7,-,-,0,-,0,-,3,7,11.1,2.53,-,0.17%,-
590,L,80.09,170.52,112.9,-,-,0,-,0,-,3,6,11.8,8.04,0.76,-2.66%,-
591,PFG,81.53,173.23,112.5,-,-,0,-,0,-,3,8,14.8,-0.17,3.00,-0.13%,-
592,PLD,122.68,243.67,98.6,-,-,0,-,0,-,2,5,40.2,1.60,1.62,-5.40%,-
593,NUE,160.89,314.47,95.5,-,-,0,-,0,-,3,6,11.3,0.67,1.00,-2.32%,-
594,KDP,33.74,56.94,68.8,-,-,0,-,0,-,3,6,21.0,2.81,0.25,-7.19%,-
595,KDP,33.74,56.94,68.8,-,-,0,-,0,-,3,6,21.0,2.81,0.25,-7.19%,-
596,STLD,130.54,219.13,67.9,-,-,0,-,0,-,3,6,10.2,0.46,2.88,1.53%,-
597,DOC,21.90,33.53,53.1,-,-,0,-,0,-,2,4,89.6,0.13,0.50,-5.63%,-
598,LH,210.90,318.12,50.8,-,-,0,-,0,-,3,7,41.0,15.85,0.23,-2282.60%,100
599,RJF,116.68,174.56,49.6,-,-,0,-,0,-,2,7,12.7,1.16,-,-3.12%,-
600,GPC,141.97,205.34,44.6,-,-,0,-,0,-,3,6,16.3,2.17,-,3.48%,-
601,AMP,439.54,602.57,37.1,-,-,0,-,0,-,3,7,14.6,2.73,-,1.39%,-
602,IVZ,17.42,22.13,27.0,-,-,0,-,0,-,3,5,-49.7,0.45,10.00,-4.12%,-
603,AZN,78.13,98.17,25.6,-,-,0,-,0,-,3,6,37.6,2.10,-,16.99%,-
604,TDY,421.56,521.06,23.6,-,-,0,-,0,-,3,6,22.6,1.32,11.00,-2.21%,-
605,OMC,95.43,99.71,4.5,-,-,0,-,0,-,3,6,13.8,1.52,-,-,-
606,ROL,45.93,43.55,-5.2,-,-,0,-,0,-,3,6,48.3,4.33,2.67,-5.28%,-
607,VRSN,184.10,168.59,-8.4,-,-,0,-,0,-,2,7,21.5,4.35,3.50,-3.47%,-
608,NVR,8600.60,7073.45,-17.8,-,-,0,-,0,-,4,5,16.4,2.47,0.43,-5.79%,-
609,WY,31.60,23.43,-25.9,-,-,0,-,0,-,3,7,30.9,4.84,1.11,-9.12%,-
610,EMN,100.73,67.42,-33.1,-,-,0,-,0,-,3,9,13.4,18.19,-,-1.51%,-
611,JKHY,170.33,112.97,-33.7,-,-,0,-,0,-,3,8,32.8,4.32,0.60,5.77%,-
612,ANSS,312.26,205.95,-34.0,-,-,0,-,0,-,3,4,62.6,5.88,-,-12.36%,-
613,ANSS,312.26,205.95,-34.0,-,-,0,-,0,-,3,4,62.6,5.88,-,-12.36%,-
614,WST,284.76,182.11,-36.0,-,-,0,-,0,-,3,6,39.6,3.01,2.00,-0.22%,-
615,TRMB,55.36,30.68,-44.6,-,-,0,-,0,-,2,5,56.7,13.77,-,-2.69%,-
616,WAB,159.69,83.85,-47.5,-,-,0,-,0,-,3,8,27.6,6.03,1.00,-1.14%,-
617,NWSA,27.49,13.22,-51.9,-,-,0,-,0,-,3,8,75.5,-1.00,1.00,-2.80%,-
618,NWS,28.36,13.22,-53.4,-,-,0,-,,-,3,8,50.6,-0.67,1.88,7.36%,-
619,J,145.98,66.40,-54.5,-,-,0,-,0,-,3,7,28.3,4.39,-,-2.20%,0
620,VLTO,104.87,43.31,-58.7,-,-,0,-,0,-,3,6,32.7,6.63,24.00,-,-
621,URI,752.21,127.87,-83.0,-,-,0,-,0,-,3,7,19.6,1.63,-,0.06%,-
622,VLO,159.12,-8.08,-105.1,-,-,0,-,0,-,2,5,8.7,0.48,1.06,-4.97%,-
623,BF.B,-,-,-,49.50,-,2,-,0,-,5,,-,-,-,-,-
624,CNC,73.10,-,-,-,-,0,-,0,-,4,9,13.7,0.66,-,-4.69%,-
625,DAL,44.13,-,-,-,-,0,-,0,-,4,6,6.1,0.26,1.22,-12.04%,-
626,COF,149.36,-,-,-,-,0,-,0,-,3,6,13.1,0.83,0.33,-8.89%,-
627,CINF,123.96,-,-,-,-,0,-,0,-,3,6,9.0,0.82,-,2.62%,-
628,PCG,18.03,-,-,-,-,0,-,0,-,3,5,15.2,1.63,-,-1.51%,-
629,RCL,153.56,-,-,-,-,0,-,0,-,3,5,15.8,1.35,-,-1.94%,-
630,BMY,50.45,-,-,-,-,0,-,0,-,3,4,-15.6,-1.84,-,0.54%,-
631,DTE,118.19,-,-,-,-,0,-,0,-,3,4,17.7,5.12,-,-1.33%,-
632,CMS,62.96,-,-,-,-,0,-,0,-,2,5,19.3,6.78,-,5.77%,-
633,SW,48.81,-,-,-,-,0,-,,-,,,-,-,-,-,-
